[     213ms] [ERROR] Access to fetch at 'https://sentry.kampusprod.sanomapro.fi/api/2/envelope/?sentry_key=816386c61f29418db9ae3d7cb41b7b4b&sentry_version=7&sentry_client=sentry.javascript.angular-ivy%2F7.120.4' from origin 'https://kampus.sanomapro.fi' has been blocked by CORS policy: No 'Access-Control-Allow-Origin' header is present on the requested resource. @ https://kampus.sanomapro.fi/lti/59eabd9a-aefa-4ee6-b5c9-8e5df7698662?tool=TEAS&feedName=Katjas%20grupp%20RUB12.10:0
[     214ms] [ERROR] Failed to load resource: net::ERR_FAILED @ https://sentry.kampusprod.sanomapro.fi/api/2/envelope/?sentry_key=816386c61f29418db9ae3d7cb41b7b4b&sentry_version=7&sentry_client=sentry.javascript.angular-ivy%2F7.120.4:0
[    2662ms] [LOG] Google analytics is not set up due to missing analytics code @ https://arvi.sanomapro.fi/main.c3c37d1981daa425b123.js:0
[    7788ms] [WARNING] The resource https://www.wiris.net/demo/editor/resources/fonts/stix_symbols.otf?v=7.25.3.2833a2 was preloaded using link preload but not used within a few seconds from the window's load event. Please make sure it has an appropriate `as` value and it is preloaded intentionally. @ https://arvi.sanomapro.fi/as/teacher/assignments:0
[    7788ms] [WARNING] The resource https://www.wiris.net/demo/editor/resources/fonts/stix_italic_rest.otf?v=7.25.3.2833a2 was preloaded using link preload but not used within a few seconds from the window's load event. Please make sure it has an appropriate `as` value and it is preloaded intentionally. @ https://arvi.sanomapro.fi/as/teacher/assignments:0
[    7788ms] [WARNING] The resource https://www.wiris.net/demo/editor/resources/fonts/stix_regular_letters_numbers.otf?v=7.25.3.2833a2 was preloaded using link preload but not used within a few seconds from the window's load event. Please make sure it has an appropriate `as` value and it is preloaded intentionally. @ https://arvi.sanomapro.fi/as/teacher/assignments:0
[    7788ms] [WARNING] The resource https://www.wiris.net/demo/editor/resources/fonts/stix_italic_letters.otf?v=7.25.3.2833a2 was preloaded using link preload but not used within a few seconds from the window's load event. Please make sure it has an appropriate `as` value and it is preloaded intentionally. @ https://arvi.sanomapro.fi/as/teacher/assignments:0
[   22787ms] [ERROR] Error: Parameter "key" required
    at e.instant (https://arvi.sanomapro.fi/main.c3c37d1981daa425b123.js:1:607532)
    at https://arvi.sanomapro.fi/main.c3c37d1981daa425b123.js:1:3768194
    at fn (eval at compile (https://arvi.sanomapro.fi/main.c3c37d1981daa425b123.js:1:1008937), <anonymous>:4:227)
    at https://arvi.sanomapro.fi/main.c3c37d1981daa425b123.js:1:990070
    at u.$digest (https://arvi.sanomapro.fi/main.c3c37d1981daa425b123.js:1:998074)
    at u.$apply (https://arvi.sanomapro.fi/main.c3c37d1981daa425b123.js:1:1000057)
    at https://arvi.sanomapro.fi/main.c3c37d1981daa425b123.js:1:969401
    at x (https://arvi.sanomapro.fi/main.c3c37d1981daa425b123.js:1:972305)
    at b.onload [as __zone_symbol__ON_PROPERTYload] (https://arvi.sanomapro.fi/main.c3c37d1981daa425b123.js:1:971671)
    at XMLHttpRequest.S (https://arvi.sanomapro.fi/polyfills.f87342f750e5f1190272.js:1:18905) @ https://arvi.sanomapro.fi/main.c3c37d1981daa425b123.js:0
[   22875ms] [ERROR] Error: Parameter "key" required
    at e.instant (https://arvi.sanomapro.fi/main.c3c37d1981daa425b123.js:1:607532)
    at https://arvi.sanomapro.fi/main.c3c37d1981daa425b123.js:1:3768194
    at fn (eval at compile (https://arvi.sanomapro.fi/main.c3c37d1981daa425b123.js:1:1008937), <anonymous>:4:227)
    at https://arvi.sanomapro.fi/main.c3c37d1981daa425b123.js:1:990070
    at u.$digest (https://arvi.sanomapro.fi/main.c3c37d1981daa425b123.js:1:998074)
    at u.$apply (https://arvi.sanomapro.fi/main.c3c37d1981daa425b123.js:1:1000057)
    at https://arvi.sanomapro.fi/main.c3c37d1981daa425b123.js:1:969401
    at x (https://arvi.sanomapro.fi/main.c3c37d1981daa425b123.js:1:972305)
    at b.onload [as __zone_symbol__ON_PROPERTYload] (https://arvi.sanomapro.fi/main.c3c37d1981daa425b123.js:1:971671)
    at XMLHttpRequest.S (https://arvi.sanomapro.fi/polyfills.f87342f750e5f1190272.js:1:18905) @ https://arvi.sanomapro.fi/main.c3c37d1981daa425b123.js:0
[   22884ms] [ERROR] Error: Parameter "key" required
    at e.instant (https://arvi.sanomapro.fi/main.c3c37d1981daa425b123.js:1:607532)
    at https://arvi.sanomapro.fi/main.c3c37d1981daa425b123.js:1:3768194
    at fn (eval at compile (https://arvi.sanomapro.fi/main.c3c37d1981daa425b123.js:1:1008937), <anonymous>:4:227)
    at https://arvi.sanomapro.fi/main.c3c37d1981daa425b123.js:1:990070
    at u.$digest (https://arvi.sanomapro.fi/main.c3c37d1981daa425b123.js:1:998074)
    at https://arvi.sanomapro.fi/main.c3c37d1981daa425b123.js:1:3297561
    at t.o [as _next] (https://arvi.sanomapro.fi/main.c3c37d1981daa425b123.js:1:716529)
    at t.__tryOrUnsub (https://arvi.sanomapro.fi/main.c3c37d1981daa425b123.js:1:868429)
    at t.next (https://arvi.sanomapro.fi/main.c3c37d1981daa425b123.js:1:867574)
    at t._next (https://arvi.sanomapro.fi/main.c3c37d1981daa425b123.js:1:866650) @ https://arvi.sanomapro.fi/main.c3c37d1981daa425b123.js:0
[   22887ms] [ERROR] Error: Parameter "key" required
    at e.instant (https://arvi.sanomapro.fi/main.c3c37d1981daa425b123.js:1:607532)
    at https://arvi.sanomapro.fi/main.c3c37d1981daa425b123.js:1:3768194
    at fn (eval at compile (https://arvi.sanomapro.fi/main.c3c37d1981daa425b123.js:1:1008937), <anonymous>:4:227)
    at https://arvi.sanomapro.fi/main.c3c37d1981daa425b123.js:1:990070
    at u.$digest (https://arvi.sanomapro.fi/main.c3c37d1981daa425b123.js:1:998074)
    at https://arvi.sanomapro.fi/main.c3c37d1981daa425b123.js:1:3297561
    at t.o [as _next] (https://arvi.sanomapro.fi/main.c3c37d1981daa425b123.js:1:716529)
    at t.__tryOrUnsub (https://arvi.sanomapro.fi/main.c3c37d1981daa425b123.js:1:868429)
    at t.next (https://arvi.sanomapro.fi/main.c3c37d1981daa425b123.js:1:867574)
    at t._next (https://arvi.sanomapro.fi/main.c3c37d1981daa425b123.js:1:866650) @ https://arvi.sanomapro.fi/main.c3c37d1981daa425b123.js:0
[   22901ms] [ERROR] Error: Parameter "key" required
    at e.instant (https://arvi.sanomapro.fi/main.c3c37d1981daa425b123.js:1:607532)
    at https://arvi.sanomapro.fi/main.c3c37d1981daa425b123.js:1:3768194
    at fn (eval at compile (https://arvi.sanomapro.fi/main.c3c37d1981daa425b123.js:1:1008937), <anonymous>:4:227)
    at https://arvi.sanomapro.fi/main.c3c37d1981daa425b123.js:1:990070
    at u.$digest (https://arvi.sanomapro.fi/main.c3c37d1981daa425b123.js:1:998074)
    at https://arvi.sanomapro.fi/main.c3c37d1981daa425b123.js:1:3297561
    at t.o [as _next] (https://arvi.sanomapro.fi/main.c3c37d1981daa425b123.js:1:716529)
    at t.__tryOrUnsub (https://arvi.sanomapro.fi/main.c3c37d1981daa425b123.js:1:868429)
    at t.next (https://arvi.sanomapro.fi/main.c3c37d1981daa425b123.js:1:867574)
    at t._next (https://arvi.sanomapro.fi/main.c3c37d1981daa425b123.js:1:866650) @ https://arvi.sanomapro.fi/main.c3c37d1981daa425b123.js:0
[   22907ms] [ERROR] Error: Parameter "key" required
    at e.instant (https://arvi.sanomapro.fi/main.c3c37d1981daa425b123.js:1:607532)
    at https://arvi.sanomapro.fi/main.c3c37d1981daa425b123.js:1:3768194
    at fn (eval at compile (https://arvi.sanomapro.fi/main.c3c37d1981daa425b123.js:1:1008937), <anonymous>:4:227)
    at https://arvi.sanomapro.fi/main.c3c37d1981daa425b123.js:1:990070
    at u.$digest (https://arvi.sanomapro.fi/main.c3c37d1981daa425b123.js:1:998074)
    at https://arvi.sanomapro.fi/main.c3c37d1981daa425b123.js:1:3297561
    at t.o [as _next] (https://arvi.sanomapro.fi/main.c3c37d1981daa425b123.js:1:716529)
    at t.__tryOrUnsub (https://arvi.sanomapro.fi/main.c3c37d1981daa425b123.js:1:868429)
    at t.next (https://arvi.sanomapro.fi/main.c3c37d1981daa425b123.js:1:867574)
    at t._next (https://arvi.sanomapro.fi/main.c3c37d1981daa425b123.js:1:866650) @ https://arvi.sanomapro.fi/main.c3c37d1981daa425b123.js:0
[   22912ms] [ERROR] Error: Parameter "key" required
    at e.instant (https://arvi.sanomapro.fi/main.c3c37d1981daa425b123.js:1:607532)
    at https://arvi.sanomapro.fi/main.c3c37d1981daa425b123.js:1:3768194
    at fn (eval at compile (https://arvi.sanomapro.fi/main.c3c37d1981daa425b123.js:1:1008937), <anonymous>:4:227)
    at https://arvi.sanomapro.fi/main.c3c37d1981daa425b123.js:1:990070
    at u.$digest (https://arvi.sanomapro.fi/main.c3c37d1981daa425b123.js:1:998074)
    at u.$apply (https://arvi.sanomapro.fi/main.c3c37d1981daa425b123.js:1:1000057)
    at v (https://arvi.sanomapro.fi/main.c3c37d1981daa425b123.js:1:3510604)
    at g (https://arvi.sanomapro.fi/main.c3c37d1981daa425b123.js:1:3510501)
    at t.invokeTask (https://arvi.sanomapro.fi/polyfills.f87342f750e5f1190272.js:1:8757)
    at e.runTask (https://arvi.sanomapro.fi/polyfills.f87342f750e5f1190272.js:1:3939) @ https://arvi.sanomapro.fi/main.c3c37d1981daa425b123.js:0
[   22917ms] [ERROR] Error: Parameter "key" required
    at e.instant (https://arvi.sanomapro.fi/main.c3c37d1981daa425b123.js:1:607532)
    at https://arvi.sanomapro.fi/main.c3c37d1981daa425b123.js:1:3768194
    at fn (eval at compile (https://arvi.sanomapro.fi/main.c3c37d1981daa425b123.js:1:1008937), <anonymous>:4:227)
    at https://arvi.sanomapro.fi/main.c3c37d1981daa425b123.js:1:990070
    at u.$digest (https://arvi.sanomapro.fi/main.c3c37d1981daa425b123.js:1:998074)
    at u.$apply (https://arvi.sanomapro.fi/main.c3c37d1981daa425b123.js:1:1000057)
    at v (https://arvi.sanomapro.fi/main.c3c37d1981daa425b123.js:1:3510604)
    at g (https://arvi.sanomapro.fi/main.c3c37d1981daa425b123.js:1:3510501)
    at t.invokeTask (https://arvi.sanomapro.fi/polyfills.f87342f750e5f1190272.js:1:8757)
    at e.runTask (https://arvi.sanomapro.fi/polyfills.f87342f750e5f1190272.js:1:3939) @ https://arvi.sanomapro.fi/main.c3c37d1981daa425b123.js:0
[   22930ms] [ERROR] Error: Parameter "key" required
    at e.instant (https://arvi.sanomapro.fi/main.c3c37d1981daa425b123.js:1:607532)
    at https://arvi.sanomapro.fi/main.c3c37d1981daa425b123.js:1:3768194
    at fn (eval at compile (https://arvi.sanomapro.fi/main.c3c37d1981daa425b123.js:1:1008937), <anonymous>:4:227)
    at https://arvi.sanomapro.fi/main.c3c37d1981daa425b123.js:1:990070
    at u.$digest (https://arvi.sanomapro.fi/main.c3c37d1981daa425b123.js:1:998074)
    at https://arvi.sanomapro.fi/main.c3c37d1981daa425b123.js:1:3297561
    at t.o [as _next] (https://arvi.sanomapro.fi/main.c3c37d1981daa425b123.js:1:716529)
    at t.__tryOrUnsub (https://arvi.sanomapro.fi/main.c3c37d1981daa425b123.js:1:868429)
    at t.next (https://arvi.sanomapro.fi/main.c3c37d1981daa425b123.js:1:867574)
    at t._next (https://arvi.sanomapro.fi/main.c3c37d1981daa425b123.js:1:866650) @ https://arvi.sanomapro.fi/main.c3c37d1981daa425b123.js:0
[   22934ms] [ERROR] Error: Parameter "key" required
    at e.instant (https://arvi.sanomapro.fi/main.c3c37d1981daa425b123.js:1:607532)
    at https://arvi.sanomapro.fi/main.c3c37d1981daa425b123.js:1:3768194
    at fn (eval at compile (https://arvi.sanomapro.fi/main.c3c37d1981daa425b123.js:1:1008937), <anonymous>:4:227)
    at https://arvi.sanomapro.fi/main.c3c37d1981daa425b123.js:1:990070
    at u.$digest (https://arvi.sanomapro.fi/main.c3c37d1981daa425b123.js:1:998074)
    at https://arvi.sanomapro.fi/main.c3c37d1981daa425b123.js:1:3297561
    at t.o [as _next] (https://arvi.sanomapro.fi/main.c3c37d1981daa425b123.js:1:716529)
    at t.__tryOrUnsub (https://arvi.sanomapro.fi/main.c3c37d1981daa425b123.js:1:868429)
    at t.next (https://arvi.sanomapro.fi/main.c3c37d1981daa425b123.js:1:867574)
    at t._next (https://arvi.sanomapro.fi/main.c3c37d1981daa425b123.js:1:866650) @ https://arvi.sanomapro.fi/main.c3c37d1981daa425b123.js:0
[   22938ms] [ERROR] Error: Parameter "key" required
    at e.instant (https://arvi.sanomapro.fi/main.c3c37d1981daa425b123.js:1:607532)
    at https://arvi.sanomapro.fi/main.c3c37d1981daa425b123.js:1:3768194
    at fn (eval at compile (https://arvi.sanomapro.fi/main.c3c37d1981daa425b123.js:1:1008937), <anonymous>:4:227)
    at https://arvi.sanomapro.fi/main.c3c37d1981daa425b123.js:1:990070
    at u.$digest (https://arvi.sanomapro.fi/main.c3c37d1981daa425b123.js:1:998074)
    at https://arvi.sanomapro.fi/main.c3c37d1981daa425b123.js:1:3297561
    at t.o [as _next] (https://arvi.sanomapro.fi/main.c3c37d1981daa425b123.js:1:716529)
    at t.__tryOrUnsub (https://arvi.sanomapro.fi/main.c3c37d1981daa425b123.js:1:868429)
    at t.next (https://arvi.sanomapro.fi/main.c3c37d1981daa425b123.js:1:867574)
    at t._next (https://arvi.sanomapro.fi/main.c3c37d1981daa425b123.js:1:866650) @ https://arvi.sanomapro.fi/main.c3c37d1981daa425b123.js:0
[   22941ms] [ERROR] Error: Parameter "key" required
    at e.instant (https://arvi.sanomapro.fi/main.c3c37d1981daa425b123.js:1:607532)
    at https://arvi.sanomapro.fi/main.c3c37d1981daa425b123.js:1:3768194
    at fn (eval at compile (https://arvi.sanomapro.fi/main.c3c37d1981daa425b123.js:1:1008937), <anonymous>:4:227)
    at https://arvi.sanomapro.fi/main.c3c37d1981daa425b123.js:1:990070
    at u.$digest (https://arvi.sanomapro.fi/main.c3c37d1981daa425b123.js:1:998074)
    at https://arvi.sanomapro.fi/main.c3c37d1981daa425b123.js:1:3297561
    at t.o [as _next] (https://arvi.sanomapro.fi/main.c3c37d1981daa425b123.js:1:716529)
    at t.__tryOrUnsub (https://arvi.sanomapro.fi/main.c3c37d1981daa425b123.js:1:868429)
    at t.next (https://arvi.sanomapro.fi/main.c3c37d1981daa425b123.js:1:867574)
    at t._next (https://arvi.sanomapro.fi/main.c3c37d1981daa425b123.js:1:866650) @ https://arvi.sanomapro.fi/main.c3c37d1981daa425b123.js:0
[   22944ms] [ERROR] Error: Parameter "key" required
    at e.instant (https://arvi.sanomapro.fi/main.c3c37d1981daa425b123.js:1:607532)
    at https://arvi.sanomapro.fi/main.c3c37d1981daa425b123.js:1:3768194
    at fn (eval at compile (https://arvi.sanomapro.fi/main.c3c37d1981daa425b123.js:1:1008937), <anonymous>:4:227)
    at https://arvi.sanomapro.fi/main.c3c37d1981daa425b123.js:1:990070
    at u.$digest (https://arvi.sanomapro.fi/main.c3c37d1981daa425b123.js:1:998074)
    at https://arvi.sanomapro.fi/main.c3c37d1981daa425b123.js:1:3297561
    at t.o [as _next] (https://arvi.sanomapro.fi/main.c3c37d1981daa425b123.js:1:716529)
    at t.__tryOrUnsub (https://arvi.sanomapro.fi/main.c3c37d1981daa425b123.js:1:868429)
    at t.next (https://arvi.sanomapro.fi/main.c3c37d1981daa425b123.js:1:867574)
    at t._next (https://arvi.sanomapro.fi/main.c3c37d1981daa425b123.js:1:866650) @ https://arvi.sanomapro.fi/main.c3c37d1981daa425b123.js:0
[   23133ms] [ERROR] Error: Parameter "key" required
    at e.instant (https://arvi.sanomapro.fi/main.c3c37d1981daa425b123.js:1:607532)
    at https://arvi.sanomapro.fi/main.c3c37d1981daa425b123.js:1:3768194
    at fn (eval at compile (https://arvi.sanomapro.fi/main.c3c37d1981daa425b123.js:1:1008937), <anonymous>:4:227)
    at https://arvi.sanomapro.fi/main.c3c37d1981daa425b123.js:1:990070
    at u.$digest (https://arvi.sanomapro.fi/main.c3c37d1981daa425b123.js:1:998074)
    at https://arvi.sanomapro.fi/main.c3c37d1981daa425b123.js:1:3297561
    at t.o [as _next] (https://arvi.sanomapro.fi/main.c3c37d1981daa425b123.js:1:716529)
    at t.__tryOrUnsub (https://arvi.sanomapro.fi/main.c3c37d1981daa425b123.js:1:868429)
    at t.next (https://arvi.sanomapro.fi/main.c3c37d1981daa425b123.js:1:867574)
    at t._next (https://arvi.sanomapro.fi/main.c3c37d1981daa425b123.js:1:866650) @ https://arvi.sanomapro.fi/main.c3c37d1981daa425b123.js:0
[   23149ms] [ERROR] Error: Parameter "key" required
    at e.instant (https://arvi.sanomapro.fi/main.c3c37d1981daa425b123.js:1:607532)
    at https://arvi.sanomapro.fi/main.c3c37d1981daa425b123.js:1:3768194
    at fn (eval at compile (https://arvi.sanomapro.fi/main.c3c37d1981daa425b123.js:1:1008937), <anonymous>:4:227)
    at https://arvi.sanomapro.fi/main.c3c37d1981daa425b123.js:1:990070
    at u.$digest (https://arvi.sanomapro.fi/main.c3c37d1981daa425b123.js:1:998074)
    at https://arvi.sanomapro.fi/main.c3c37d1981daa425b123.js:1:3297561
    at t.o [as _next] (https://arvi.sanomapro.fi/main.c3c37d1981daa425b123.js:1:716529)
    at t.__tryOrUnsub (https://arvi.sanomapro.fi/main.c3c37d1981daa425b123.js:1:868429)
    at t.next (https://arvi.sanomapro.fi/main.c3c37d1981daa425b123.js:1:867574)
    at t._next (https://arvi.sanomapro.fi/main.c3c37d1981daa425b123.js:1:866650) @ https://arvi.sanomapro.fi/main.c3c37d1981daa425b123.js:0
[   23153ms] [ERROR] Error: Parameter "key" required
    at e.instant (https://arvi.sanomapro.fi/main.c3c37d1981daa425b123.js:1:607532)
    at https://arvi.sanomapro.fi/main.c3c37d1981daa425b123.js:1:3768194
    at fn (eval at compile (https://arvi.sanomapro.fi/main.c3c37d1981daa425b123.js:1:1008937), <anonymous>:4:227)
    at https://arvi.sanomapro.fi/main.c3c37d1981daa425b123.js:1:990070
    at u.$digest (https://arvi.sanomapro.fi/main.c3c37d1981daa425b123.js:1:998074)
    at https://arvi.sanomapro.fi/main.c3c37d1981daa425b123.js:1:3297561
    at t.o [as _next] (https://arvi.sanomapro.fi/main.c3c37d1981daa425b123.js:1:716529)
    at t.__tryOrUnsub (https://arvi.sanomapro.fi/main.c3c37d1981daa425b123.js:1:868429)
    at t.next (https://arvi.sanomapro.fi/main.c3c37d1981daa425b123.js:1:867574)
    at t._next (https://arvi.sanomapro.fi/main.c3c37d1981daa425b123.js:1:866650) @ https://arvi.sanomapro.fi/main.c3c37d1981daa425b123.js:0
[   23165ms] [ERROR] Error: Parameter "key" required
    at e.instant (https://arvi.sanomapro.fi/main.c3c37d1981daa425b123.js:1:607532)
    at https://arvi.sanomapro.fi/main.c3c37d1981daa425b123.js:1:3768194
    at fn (eval at compile (https://arvi.sanomapro.fi/main.c3c37d1981daa425b123.js:1:1008937), <anonymous>:4:227)
    at https://arvi.sanomapro.fi/main.c3c37d1981daa425b123.js:1:990070
    at u.$digest (https://arvi.sanomapro.fi/main.c3c37d1981daa425b123.js:1:998074)
    at https://arvi.sanomapro.fi/main.c3c37d1981daa425b123.js:1:3297561
    at t.o [as _next] (https://arvi.sanomapro.fi/main.c3c37d1981daa425b123.js:1:716529)
    at t.__tryOrUnsub (https://arvi.sanomapro.fi/main.c3c37d1981daa425b123.js:1:868429)
    at t.next (https://arvi.sanomapro.fi/main.c3c37d1981daa425b123.js:1:867574)
    at t._next (https://arvi.sanomapro.fi/main.c3c37d1981daa425b123.js:1:866650) @ https://arvi.sanomapro.fi/main.c3c37d1981daa425b123.js:0
[   23182ms] [ERROR] Error: Parameter "key" required
    at e.instant (https://arvi.sanomapro.fi/main.c3c37d1981daa425b123.js:1:607532)
    at https://arvi.sanomapro.fi/main.c3c37d1981daa425b123.js:1:3768194
    at fn (eval at compile (https://arvi.sanomapro.fi/main.c3c37d1981daa425b123.js:1:1008937), <anonymous>:4:227)
    at https://arvi.sanomapro.fi/main.c3c37d1981daa425b123.js:1:990070
    at u.$digest (https://arvi.sanomapro.fi/main.c3c37d1981daa425b123.js:1:998074)
    at https://arvi.sanomapro.fi/main.c3c37d1981daa425b123.js:1:3297561
    at t.o [as _next] (https://arvi.sanomapro.fi/main.c3c37d1981daa425b123.js:1:716529)
    at t.__tryOrUnsub (https://arvi.sanomapro.fi/main.c3c37d1981daa425b123.js:1:868429)
    at t.next (https://arvi.sanomapro.fi/main.c3c37d1981daa425b123.js:1:867574)
    at t._next (https://arvi.sanomapro.fi/main.c3c37d1981daa425b123.js:1:866650) @ https://arvi.sanomapro.fi/main.c3c37d1981daa425b123.js:0
[   23195ms] [ERROR] Error: Parameter "key" required
    at e.instant (https://arvi.sanomapro.fi/main.c3c37d1981daa425b123.js:1:607532)
    at https://arvi.sanomapro.fi/main.c3c37d1981daa425b123.js:1:3768194
    at fn (eval at compile (https://arvi.sanomapro.fi/main.c3c37d1981daa425b123.js:1:1008937), <anonymous>:4:227)
    at https://arvi.sanomapro.fi/main.c3c37d1981daa425b123.js:1:990070
    at u.$digest (https://arvi.sanomapro.fi/main.c3c37d1981daa425b123.js:1:998074)
    at https://arvi.sanomapro.fi/main.c3c37d1981daa425b123.js:1:3297561
    at t.o [as _next] (https://arvi.sanomapro.fi/main.c3c37d1981daa425b123.js:1:716529)
    at t.__tryOrUnsub (https://arvi.sanomapro.fi/main.c3c37d1981daa425b123.js:1:868429)
    at t.next (https://arvi.sanomapro.fi/main.c3c37d1981daa425b123.js:1:867574)
    at t._next (https://arvi.sanomapro.fi/main.c3c37d1981daa425b123.js:1:866650) @ https://arvi.sanomapro.fi/main.c3c37d1981daa425b123.js:0
[   23199ms] [ERROR] Error: Parameter "key" required
    at e.instant (https://arvi.sanomapro.fi/main.c3c37d1981daa425b123.js:1:607532)
    at https://arvi.sanomapro.fi/main.c3c37d1981daa425b123.js:1:3768194
    at fn (eval at compile (https://arvi.sanomapro.fi/main.c3c37d1981daa425b123.js:1:1008937), <anonymous>:4:227)
    at https://arvi.sanomapro.fi/main.c3c37d1981daa425b123.js:1:990070
    at u.$digest (https://arvi.sanomapro.fi/main.c3c37d1981daa425b123.js:1:998074)
    at https://arvi.sanomapro.fi/main.c3c37d1981daa425b123.js:1:3297561
    at t.o [as _next] (https://arvi.sanomapro.fi/main.c3c37d1981daa425b123.js:1:716529)
    at t.__tryOrUnsub (https://arvi.sanomapro.fi/main.c3c37d1981daa425b123.js:1:868429)
    at t.next (https://arvi.sanomapro.fi/main.c3c37d1981daa425b123.js:1:867574)
    at t._next (https://arvi.sanomapro.fi/main.c3c37d1981daa425b123.js:1:866650) @ https://arvi.sanomapro.fi/main.c3c37d1981daa425b123.js:0
[   23215ms] [ERROR] Error: Parameter "key" required
    at e.instant (https://arvi.sanomapro.fi/main.c3c37d1981daa425b123.js:1:607532)
    at https://arvi.sanomapro.fi/main.c3c37d1981daa425b123.js:1:3768194
    at fn (eval at compile (https://arvi.sanomapro.fi/main.c3c37d1981daa425b123.js:1:1008937), <anonymous>:4:227)
    at https://arvi.sanomapro.fi/main.c3c37d1981daa425b123.js:1:990070
    at u.$digest (https://arvi.sanomapro.fi/main.c3c37d1981daa425b123.js:1:998074)
    at https://arvi.sanomapro.fi/main.c3c37d1981daa425b123.js:1:3297561
    at t.o [as _next] (https://arvi.sanomapro.fi/main.c3c37d1981daa425b123.js:1:716529)
    at t.__tryOrUnsub (https://arvi.sanomapro.fi/main.c3c37d1981daa425b123.js:1:868429)
    at t.next (https://arvi.sanomapro.fi/main.c3c37d1981daa425b123.js:1:867574)
    at t._next (https://arvi.sanomapro.fi/main.c3c37d1981daa425b123.js:1:866650) @ https://arvi.sanomapro.fi/main.c3c37d1981daa425b123.js:0
[   23232ms] [ERROR] Error: Parameter "key" required
    at e.instant (https://arvi.sanomapro.fi/main.c3c37d1981daa425b123.js:1:607532)
    at https://arvi.sanomapro.fi/main.c3c37d1981daa425b123.js:1:3768194
    at fn (eval at compile (https://arvi.sanomapro.fi/main.c3c37d1981daa425b123.js:1:1008937), <anonymous>:4:227)
    at https://arvi.sanomapro.fi/main.c3c37d1981daa425b123.js:1:990070
    at u.$digest (https://arvi.sanomapro.fi/main.c3c37d1981daa425b123.js:1:998074)
    at https://arvi.sanomapro.fi/main.c3c37d1981daa425b123.js:1:3297561
    at t.o [as _next] (https://arvi.sanomapro.fi/main.c3c37d1981daa425b123.js:1:716529)
    at t.__tryOrUnsub (https://arvi.sanomapro.fi/main.c3c37d1981daa425b123.js:1:868429)
    at t.next (https://arvi.sanomapro.fi/main.c3c37d1981daa425b123.js:1:867574)
    at t._next (https://arvi.sanomapro.fi/main.c3c37d1981daa425b123.js:1:866650) @ https://arvi.sanomapro.fi/main.c3c37d1981daa425b123.js:0
[   23249ms] [ERROR] Error: Parameter "key" required
    at e.instant (https://arvi.sanomapro.fi/main.c3c37d1981daa425b123.js:1:607532)
    at https://arvi.sanomapro.fi/main.c3c37d1981daa425b123.js:1:3768194
    at fn (eval at compile (https://arvi.sanomapro.fi/main.c3c37d1981daa425b123.js:1:1008937), <anonymous>:4:227)
    at https://arvi.sanomapro.fi/main.c3c37d1981daa425b123.js:1:990070
    at u.$digest (https://arvi.sanomapro.fi/main.c3c37d1981daa425b123.js:1:998074)
    at https://arvi.sanomapro.fi/main.c3c37d1981daa425b123.js:1:3297561
    at t.o [as _next] (https://arvi.sanomapro.fi/main.c3c37d1981daa425b123.js:1:716529)
    at t.__tryOrUnsub (https://arvi.sanomapro.fi/main.c3c37d1981daa425b123.js:1:868429)
    at t.next (https://arvi.sanomapro.fi/main.c3c37d1981daa425b123.js:1:867574)
    at t._next (https://arvi.sanomapro.fi/main.c3c37d1981daa425b123.js:1:866650) @ https://arvi.sanomapro.fi/main.c3c37d1981daa425b123.js:0
[   23265ms] [ERROR] Error: Parameter "key" required
    at e.instant (https://arvi.sanomapro.fi/main.c3c37d1981daa425b123.js:1:607532)
    at https://arvi.sanomapro.fi/main.c3c37d1981daa425b123.js:1:3768194
    at fn (eval at compile (https://arvi.sanomapro.fi/main.c3c37d1981daa425b123.js:1:1008937), <anonymous>:4:227)
    at https://arvi.sanomapro.fi/main.c3c37d1981daa425b123.js:1:990070
    at u.$digest (https://arvi.sanomapro.fi/main.c3c37d1981daa425b123.js:1:998074)
    at https://arvi.sanomapro.fi/main.c3c37d1981daa425b123.js:1:3297561
    at t.o [as _next] (https://arvi.sanomapro.fi/main.c3c37d1981daa425b123.js:1:716529)
    at t.__tryOrUnsub (https://arvi.sanomapro.fi/main.c3c37d1981daa425b123.js:1:868429)
    at t.next (https://arvi.sanomapro.fi/main.c3c37d1981daa425b123.js:1:867574)
    at t._next (https://arvi.sanomapro.fi/main.c3c37d1981daa425b123.js:1:866650) @ https://arvi.sanomapro.fi/main.c3c37d1981daa425b123.js:0
[   23282ms] [ERROR] Error: Parameter "key" required
    at e.instant (https://arvi.sanomapro.fi/main.c3c37d1981daa425b123.js:1:607532)
    at https://arvi.sanomapro.fi/main.c3c37d1981daa425b123.js:1:3768194
    at fn (eval at compile (https://arvi.sanomapro.fi/main.c3c37d1981daa425b123.js:1:1008937), <anonymous>:4:227)
    at https://arvi.sanomapro.fi/main.c3c37d1981daa425b123.js:1:990070
    at u.$digest (https://arvi.sanomapro.fi/main.c3c37d1981daa425b123.js:1:998074)
    at https://arvi.sanomapro.fi/main.c3c37d1981daa425b123.js:1:3297561
    at t.o [as _next] (https://arvi.sanomapro.fi/main.c3c37d1981daa425b123.js:1:716529)
    at t.__tryOrUnsub (https://arvi.sanomapro.fi/main.c3c37d1981daa425b123.js:1:868429)
    at t.next (https://arvi.sanomapro.fi/main.c3c37d1981daa425b123.js:1:867574)
    at t._next (https://arvi.sanomapro.fi/main.c3c37d1981daa425b123.js:1:866650) @ https://arvi.sanomapro.fi/main.c3c37d1981daa425b123.js:0
[   23298ms] [ERROR] Error: Parameter "key" required
    at e.instant (https://arvi.sanomapro.fi/main.c3c37d1981daa425b123.js:1:607532)
    at https://arvi.sanomapro.fi/main.c3c37d1981daa425b123.js:1:3768194
    at fn (eval at compile (https://arvi.sanomapro.fi/main.c3c37d1981daa425b123.js:1:1008937), <anonymous>:4:227)
    at https://arvi.sanomapro.fi/main.c3c37d1981daa425b123.js:1:990070
    at u.$digest (https://arvi.sanomapro.fi/main.c3c37d1981daa425b123.js:1:998074)
    at https://arvi.sanomapro.fi/main.c3c37d1981daa425b123.js:1:3297561
    at t.o [as _next] (https://arvi.sanomapro.fi/main.c3c37d1981daa425b123.js:1:716529)
    at t.__tryOrUnsub (https://arvi.sanomapro.fi/main.c3c37d1981daa425b123.js:1:868429)
    at t.next (https://arvi.sanomapro.fi/main.c3c37d1981daa425b123.js:1:867574)
    at t._next (https://arvi.sanomapro.fi/main.c3c37d1981daa425b123.js:1:866650) @ https://arvi.sanomapro.fi/main.c3c37d1981daa425b123.js:0
[   23315ms] [ERROR] Error: Parameter "key" required
    at e.instant (https://arvi.sanomapro.fi/main.c3c37d1981daa425b123.js:1:607532)
    at https://arvi.sanomapro.fi/main.c3c37d1981daa425b123.js:1:3768194
    at fn (eval at compile (https://arvi.sanomapro.fi/main.c3c37d1981daa425b123.js:1:1008937), <anonymous>:4:227)
    at https://arvi.sanomapro.fi/main.c3c37d1981daa425b123.js:1:990070
    at u.$digest (https://arvi.sanomapro.fi/main.c3c37d1981daa425b123.js:1:998074)
    at https://arvi.sanomapro.fi/main.c3c37d1981daa425b123.js:1:3297561
    at t.o [as _next] (https://arvi.sanomapro.fi/main.c3c37d1981daa425b123.js:1:716529)
    at t.__tryOrUnsub (https://arvi.sanomapro.fi/main.c3c37d1981daa425b123.js:1:868429)
    at t.next (https://arvi.sanomapro.fi/main.c3c37d1981daa425b123.js:1:867574)
    at t._next (https://arvi.sanomapro.fi/main.c3c37d1981daa425b123.js:1:866650) @ https://arvi.sanomapro.fi/main.c3c37d1981daa425b123.js:0
[   23332ms] [ERROR] Error: Parameter "key" required
    at e.instant (https://arvi.sanomapro.fi/main.c3c37d1981daa425b123.js:1:607532)
    at https://arvi.sanomapro.fi/main.c3c37d1981daa425b123.js:1:3768194
    at fn (eval at compile (https://arvi.sanomapro.fi/main.c3c37d1981daa425b123.js:1:1008937), <anonymous>:4:227)
    at https://arvi.sanomapro.fi/main.c3c37d1981daa425b123.js:1:990070
    at u.$digest (https://arvi.sanomapro.fi/main.c3c37d1981daa425b123.js:1:998074)
    at https://arvi.sanomapro.fi/main.c3c37d1981daa425b123.js:1:3297561
    at t.o [as _next] (https://arvi.sanomapro.fi/main.c3c37d1981daa425b123.js:1:716529)
    at t.__tryOrUnsub (https://arvi.sanomapro.fi/main.c3c37d1981daa425b123.js:1:868429)
    at t.next (https://arvi.sanomapro.fi/main.c3c37d1981daa425b123.js:1:867574)
    at t._next (https://arvi.sanomapro.fi/main.c3c37d1981daa425b123.js:1:866650) @ https://arvi.sanomapro.fi/main.c3c37d1981daa425b123.js:0
[   23349ms] [ERROR] Error: Parameter "key" required
    at e.instant (https://arvi.sanomapro.fi/main.c3c37d1981daa425b123.js:1:607532)
    at https://arvi.sanomapro.fi/main.c3c37d1981daa425b123.js:1:3768194
    at fn (eval at compile (https://arvi.sanomapro.fi/main.c3c37d1981daa425b123.js:1:1008937), <anonymous>:4:227)
    at https://arvi.sanomapro.fi/main.c3c37d1981daa425b123.js:1:990070
    at u.$digest (https://arvi.sanomapro.fi/main.c3c37d1981daa425b123.js:1:998074)
    at https://arvi.sanomapro.fi/main.c3c37d1981daa425b123.js:1:3297561
    at t.o [as _next] (https://arvi.sanomapro.fi/main.c3c37d1981daa425b123.js:1:716529)
    at t.__tryOrUnsub (https://arvi.sanomapro.fi/main.c3c37d1981daa425b123.js:1:868429)
    at t.next (https://arvi.sanomapro.fi/main.c3c37d1981daa425b123.js:1:867574)
    at t._next (https://arvi.sanomapro.fi/main.c3c37d1981daa425b123.js:1:866650) @ https://arvi.sanomapro.fi/main.c3c37d1981daa425b123.js:0
[   23365ms] [ERROR] Error: Parameter "key" required
    at e.instant (https://arvi.sanomapro.fi/main.c3c37d1981daa425b123.js:1:607532)
    at https://arvi.sanomapro.fi/main.c3c37d1981daa425b123.js:1:3768194
    at fn (eval at compile (https://arvi.sanomapro.fi/main.c3c37d1981daa425b123.js:1:1008937), <anonymous>:4:227)
    at https://arvi.sanomapro.fi/main.c3c37d1981daa425b123.js:1:990070
    at u.$digest (https://arvi.sanomapro.fi/main.c3c37d1981daa425b123.js:1:998074)
    at https://arvi.sanomapro.fi/main.c3c37d1981daa425b123.js:1:3297561
    at t.o [as _next] (https://arvi.sanomapro.fi/main.c3c37d1981daa425b123.js:1:716529)
    at t.__tryOrUnsub (https://arvi.sanomapro.fi/main.c3c37d1981daa425b123.js:1:868429)
    at t.next (https://arvi.sanomapro.fi/main.c3c37d1981daa425b123.js:1:867574)
    at t._next (https://arvi.sanomapro.fi/main.c3c37d1981daa425b123.js:1:866650) @ https://arvi.sanomapro.fi/main.c3c37d1981daa425b123.js:0
[   23382ms] [ERROR] Error: Parameter "key" required
    at e.instant (https://arvi.sanomapro.fi/main.c3c37d1981daa425b123.js:1:607532)
    at https://arvi.sanomapro.fi/main.c3c37d1981daa425b123.js:1:3768194
    at fn (eval at compile (https://arvi.sanomapro.fi/main.c3c37d1981daa425b123.js:1:1008937), <anonymous>:4:227)
    at https://arvi.sanomapro.fi/main.c3c37d1981daa425b123.js:1:990070
    at u.$digest (https://arvi.sanomapro.fi/main.c3c37d1981daa425b123.js:1:998074)
    at https://arvi.sanomapro.fi/main.c3c37d1981daa425b123.js:1:3297561
    at t.o [as _next] (https://arvi.sanomapro.fi/main.c3c37d1981daa425b123.js:1:716529)
    at t.__tryOrUnsub (https://arvi.sanomapro.fi/main.c3c37d1981daa425b123.js:1:868429)
    at t.next (https://arvi.sanomapro.fi/main.c3c37d1981daa425b123.js:1:867574)
    at t._next (https://arvi.sanomapro.fi/main.c3c37d1981daa425b123.js:1:866650) @ https://arvi.sanomapro.fi/main.c3c37d1981daa425b123.js:0
[   23386ms] [ERROR] Error: Parameter "key" required
    at e.instant (https://arvi.sanomapro.fi/main.c3c37d1981daa425b123.js:1:607532)
    at https://arvi.sanomapro.fi/main.c3c37d1981daa425b123.js:1:3768194
    at fn (eval at compile (https://arvi.sanomapro.fi/main.c3c37d1981daa425b123.js:1:1008937), <anonymous>:4:227)
    at https://arvi.sanomapro.fi/main.c3c37d1981daa425b123.js:1:990070
    at u.$digest (https://arvi.sanomapro.fi/main.c3c37d1981daa425b123.js:1:998074)
    at https://arvi.sanomapro.fi/main.c3c37d1981daa425b123.js:1:3297561
    at t.o [as _next] (https://arvi.sanomapro.fi/main.c3c37d1981daa425b123.js:1:716529)
    at t.__tryOrUnsub (https://arvi.sanomapro.fi/main.c3c37d1981daa425b123.js:1:868429)
    at t.next (https://arvi.sanomapro.fi/main.c3c37d1981daa425b123.js:1:867574)
    at t._next (https://arvi.sanomapro.fi/main.c3c37d1981daa425b123.js:1:866650) @ https://arvi.sanomapro.fi/main.c3c37d1981daa425b123.js:0
[   23399ms] [ERROR] Error: Parameter "key" required
    at e.instant (https://arvi.sanomapro.fi/main.c3c37d1981daa425b123.js:1:607532)
    at https://arvi.sanomapro.fi/main.c3c37d1981daa425b123.js:1:3768194
    at fn (eval at compile (https://arvi.sanomapro.fi/main.c3c37d1981daa425b123.js:1:1008937), <anonymous>:4:227)
    at https://arvi.sanomapro.fi/main.c3c37d1981daa425b123.js:1:990070
    at u.$digest (https://arvi.sanomapro.fi/main.c3c37d1981daa425b123.js:1:998074)
    at https://arvi.sanomapro.fi/main.c3c37d1981daa425b123.js:1:3297561
    at t.o [as _next] (https://arvi.sanomapro.fi/main.c3c37d1981daa425b123.js:1:716529)
    at t.__tryOrUnsub (https://arvi.sanomapro.fi/main.c3c37d1981daa425b123.js:1:868429)
    at t.next (https://arvi.sanomapro.fi/main.c3c37d1981daa425b123.js:1:867574)
    at t._next (https://arvi.sanomapro.fi/main.c3c37d1981daa425b123.js:1:866650) @ https://arvi.sanomapro.fi/main.c3c37d1981daa425b123.js:0
[   23403ms] [ERROR] Error: Parameter "key" required
    at e.instant (https://arvi.sanomapro.fi/main.c3c37d1981daa425b123.js:1:607532)
    at https://arvi.sanomapro.fi/main.c3c37d1981daa425b123.js:1:3768194
    at fn (eval at compile (https://arvi.sanomapro.fi/main.c3c37d1981daa425b123.js:1:1008937), <anonymous>:4:227)
    at https://arvi.sanomapro.fi/main.c3c37d1981daa425b123.js:1:990070
    at u.$digest (https://arvi.sanomapro.fi/main.c3c37d1981daa425b123.js:1:998074)
    at https://arvi.sanomapro.fi/main.c3c37d1981daa425b123.js:1:3297561
    at t.o [as _next] (https://arvi.sanomapro.fi/main.c3c37d1981daa425b123.js:1:716529)
    at t.__tryOrUnsub (https://arvi.sanomapro.fi/main.c3c37d1981daa425b123.js:1:868429)
    at t.next (https://arvi.sanomapro.fi/main.c3c37d1981daa425b123.js:1:867574)
    at t._next (https://arvi.sanomapro.fi/main.c3c37d1981daa425b123.js:1:866650) @ https://arvi.sanomapro.fi/main.c3c37d1981daa425b123.js:0
[   23414ms] [ERROR] Error: Parameter "key" required
    at e.instant (https://arvi.sanomapro.fi/main.c3c37d1981daa425b123.js:1:607532)
    at https://arvi.sanomapro.fi/main.c3c37d1981daa425b123.js:1:3768194
    at fn (eval at compile (https://arvi.sanomapro.fi/main.c3c37d1981daa425b123.js:1:1008937), <anonymous>:4:227)
    at https://arvi.sanomapro.fi/main.c3c37d1981daa425b123.js:1:990070
    at u.$digest (https://arvi.sanomapro.fi/main.c3c37d1981daa425b123.js:1:998074)
    at https://arvi.sanomapro.fi/main.c3c37d1981daa425b123.js:1:3297561
    at t.o [as _next] (https://arvi.sanomapro.fi/main.c3c37d1981daa425b123.js:1:716529)
    at t.__tryOrUnsub (https://arvi.sanomapro.fi/main.c3c37d1981daa425b123.js:1:868429)
    at t.next (https://arvi.sanomapro.fi/main.c3c37d1981daa425b123.js:1:867574)
    at t._next (https://arvi.sanomapro.fi/main.c3c37d1981daa425b123.js:1:866650) @ https://arvi.sanomapro.fi/main.c3c37d1981daa425b123.js:0
[   23418ms] [ERROR] Error: Parameter "key" required
    at e.instant (https://arvi.sanomapro.fi/main.c3c37d1981daa425b123.js:1:607532)
    at https://arvi.sanomapro.fi/main.c3c37d1981daa425b123.js:1:3768194
    at fn (eval at compile (https://arvi.sanomapro.fi/main.c3c37d1981daa425b123.js:1:1008937), <anonymous>:4:227)
    at https://arvi.sanomapro.fi/main.c3c37d1981daa425b123.js:1:990070
    at u.$digest (https://arvi.sanomapro.fi/main.c3c37d1981daa425b123.js:1:998074)
    at https://arvi.sanomapro.fi/main.c3c37d1981daa425b123.js:1:3297561
    at t.o [as _next] (https://arvi.sanomapro.fi/main.c3c37d1981daa425b123.js:1:716529)
    at t.__tryOrUnsub (https://arvi.sanomapro.fi/main.c3c37d1981daa425b123.js:1:868429)
    at t.next (https://arvi.sanomapro.fi/main.c3c37d1981daa425b123.js:1:867574)
    at t._next (https://arvi.sanomapro.fi/main.c3c37d1981daa425b123.js:1:866650) @ https://arvi.sanomapro.fi/main.c3c37d1981daa425b123.js:0
[   23432ms] [ERROR] Error: Parameter "key" required
    at e.instant (https://arvi.sanomapro.fi/main.c3c37d1981daa425b123.js:1:607532)
    at https://arvi.sanomapro.fi/main.c3c37d1981daa425b123.js:1:3768194
    at fn (eval at compile (https://arvi.sanomapro.fi/main.c3c37d1981daa425b123.js:1:1008937), <anonymous>:4:227)
    at https://arvi.sanomapro.fi/main.c3c37d1981daa425b123.js:1:990070
    at u.$digest (https://arvi.sanomapro.fi/main.c3c37d1981daa425b123.js:1:998074)
    at https://arvi.sanomapro.fi/main.c3c37d1981daa425b123.js:1:3297561
    at t.o [as _next] (https://arvi.sanomapro.fi/main.c3c37d1981daa425b123.js:1:716529)
    at t.__tryOrUnsub (https://arvi.sanomapro.fi/main.c3c37d1981daa425b123.js:1:868429)
    at t.next (https://arvi.sanomapro.fi/main.c3c37d1981daa425b123.js:1:867574)
    at t._next (https://arvi.sanomapro.fi/main.c3c37d1981daa425b123.js:1:866650) @ https://arvi.sanomapro.fi/main.c3c37d1981daa425b123.js:0
[   23435ms] [ERROR] Error: Parameter "key" required
    at e.instant (https://arvi.sanomapro.fi/main.c3c37d1981daa425b123.js:1:607532)
    at https://arvi.sanomapro.fi/main.c3c37d1981daa425b123.js:1:3768194
    at fn (eval at compile (https://arvi.sanomapro.fi/main.c3c37d1981daa425b123.js:1:1008937), <anonymous>:4:227)
    at https://arvi.sanomapro.fi/main.c3c37d1981daa425b123.js:1:990070
    at u.$digest (https://arvi.sanomapro.fi/main.c3c37d1981daa425b123.js:1:998074)
    at https://arvi.sanomapro.fi/main.c3c37d1981daa425b123.js:1:3297561
    at t.o [as _next] (https://arvi.sanomapro.fi/main.c3c37d1981daa425b123.js:1:716529)
    at t.__tryOrUnsub (https://arvi.sanomapro.fi/main.c3c37d1981daa425b123.js:1:868429)
    at t.next (https://arvi.sanomapro.fi/main.c3c37d1981daa425b123.js:1:867574)
    at t._next (https://arvi.sanomapro.fi/main.c3c37d1981daa425b123.js:1:866650) @ https://arvi.sanomapro.fi/main.c3c37d1981daa425b123.js:0
[   23448ms] [ERROR] Error: Parameter "key" required
    at e.instant (https://arvi.sanomapro.fi/main.c3c37d1981daa425b123.js:1:607532)
    at https://arvi.sanomapro.fi/main.c3c37d1981daa425b123.js:1:3768194
    at fn (eval at compile (https://arvi.sanomapro.fi/main.c3c37d1981daa425b123.js:1:1008937), <anonymous>:4:227)
    at https://arvi.sanomapro.fi/main.c3c37d1981daa425b123.js:1:990070
    at u.$digest (https://arvi.sanomapro.fi/main.c3c37d1981daa425b123.js:1:998074)
    at https://arvi.sanomapro.fi/main.c3c37d1981daa425b123.js:1:3297561
    at t.o [as _next] (https://arvi.sanomapro.fi/main.c3c37d1981daa425b123.js:1:716529)
    at t.__tryOrUnsub (https://arvi.sanomapro.fi/main.c3c37d1981daa425b123.js:1:868429)
    at t.next (https://arvi.sanomapro.fi/main.c3c37d1981daa425b123.js:1:867574)
    at t._next (https://arvi.sanomapro.fi/main.c3c37d1981daa425b123.js:1:866650) @ https://arvi.sanomapro.fi/main.c3c37d1981daa425b123.js:0
[   23452ms] [ERROR] Error: Parameter "key" required
    at e.instant (https://arvi.sanomapro.fi/main.c3c37d1981daa425b123.js:1:607532)
    at https://arvi.sanomapro.fi/main.c3c37d1981daa425b123.js:1:3768194
    at fn (eval at compile (https://arvi.sanomapro.fi/main.c3c37d1981daa425b123.js:1:1008937), <anonymous>:4:227)
    at https://arvi.sanomapro.fi/main.c3c37d1981daa425b123.js:1:990070
    at u.$digest (https://arvi.sanomapro.fi/main.c3c37d1981daa425b123.js:1:998074)
    at https://arvi.sanomapro.fi/main.c3c37d1981daa425b123.js:1:3297561
    at t.o [as _next] (https://arvi.sanomapro.fi/main.c3c37d1981daa425b123.js:1:716529)
    at t.__tryOrUnsub (https://arvi.sanomapro.fi/main.c3c37d1981daa425b123.js:1:868429)
    at t.next (https://arvi.sanomapro.fi/main.c3c37d1981daa425b123.js:1:867574)
    at t._next (https://arvi.sanomapro.fi/main.c3c37d1981daa425b123.js:1:866650) @ https://arvi.sanomapro.fi/main.c3c37d1981daa425b123.js:0
[   23465ms] [ERROR] Error: Parameter "key" required
    at e.instant (https://arvi.sanomapro.fi/main.c3c37d1981daa425b123.js:1:607532)
    at https://arvi.sanomapro.fi/main.c3c37d1981daa425b123.js:1:3768194
    at fn (eval at compile (https://arvi.sanomapro.fi/main.c3c37d1981daa425b123.js:1:1008937), <anonymous>:4:227)
    at https://arvi.sanomapro.fi/main.c3c37d1981daa425b123.js:1:990070
    at u.$digest (https://arvi.sanomapro.fi/main.c3c37d1981daa425b123.js:1:998074)
    at https://arvi.sanomapro.fi/main.c3c37d1981daa425b123.js:1:3297561
    at t.o [as _next] (https://arvi.sanomapro.fi/main.c3c37d1981daa425b123.js:1:716529)
    at t.__tryOrUnsub (https://arvi.sanomapro.fi/main.c3c37d1981daa425b123.js:1:868429)
    at t.next (https://arvi.sanomapro.fi/main.c3c37d1981daa425b123.js:1:867574)
    at t._next (https://arvi.sanomapro.fi/main.c3c37d1981daa425b123.js:1:866650) @ https://arvi.sanomapro.fi/main.c3c37d1981daa425b123.js:0
[   23468ms] [ERROR] Error: Parameter "key" required
    at e.instant (https://arvi.sanomapro.fi/main.c3c37d1981daa425b123.js:1:607532)
    at https://arvi.sanomapro.fi/main.c3c37d1981daa425b123.js:1:3768194
    at fn (eval at compile (https://arvi.sanomapro.fi/main.c3c37d1981daa425b123.js:1:1008937), <anonymous>:4:227)
    at https://arvi.sanomapro.fi/main.c3c37d1981daa425b123.js:1:990070
    at u.$digest (https://arvi.sanomapro.fi/main.c3c37d1981daa425b123.js:1:998074)
    at https://arvi.sanomapro.fi/main.c3c37d1981daa425b123.js:1:3297561
    at t.o [as _next] (https://arvi.sanomapro.fi/main.c3c37d1981daa425b123.js:1:716529)
    at t.__tryOrUnsub (https://arvi.sanomapro.fi/main.c3c37d1981daa425b123.js:1:868429)
    at t.next (https://arvi.sanomapro.fi/main.c3c37d1981daa425b123.js:1:867574)
    at t._next (https://arvi.sanomapro.fi/main.c3c37d1981daa425b123.js:1:866650) @ https://arvi.sanomapro.fi/main.c3c37d1981daa425b123.js:0
[   23482ms] [ERROR] Error: Parameter "key" required
    at e.instant (https://arvi.sanomapro.fi/main.c3c37d1981daa425b123.js:1:607532)
    at https://arvi.sanomapro.fi/main.c3c37d1981daa425b123.js:1:3768194
    at fn (eval at compile (https://arvi.sanomapro.fi/main.c3c37d1981daa425b123.js:1:1008937), <anonymous>:4:227)
    at https://arvi.sanomapro.fi/main.c3c37d1981daa425b123.js:1:990070
    at u.$digest (https://arvi.sanomapro.fi/main.c3c37d1981daa425b123.js:1:998074)
    at https://arvi.sanomapro.fi/main.c3c37d1981daa425b123.js:1:3297561
    at t.o [as _next] (https://arvi.sanomapro.fi/main.c3c37d1981daa425b123.js:1:716529)
    at t.__tryOrUnsub (https://arvi.sanomapro.fi/main.c3c37d1981daa425b123.js:1:868429)
    at t.next (https://arvi.sanomapro.fi/main.c3c37d1981daa425b123.js:1:867574)
    at t._next (https://arvi.sanomapro.fi/main.c3c37d1981daa425b123.js:1:866650) @ https://arvi.sanomapro.fi/main.c3c37d1981daa425b123.js:0
[   23485ms] [ERROR] Error: Parameter "key" required
    at e.instant (https://arvi.sanomapro.fi/main.c3c37d1981daa425b123.js:1:607532)
    at https://arvi.sanomapro.fi/main.c3c37d1981daa425b123.js:1:3768194
    at fn (eval at compile (https://arvi.sanomapro.fi/main.c3c37d1981daa425b123.js:1:1008937), <anonymous>:4:227)
    at https://arvi.sanomapro.fi/main.c3c37d1981daa425b123.js:1:990070
    at u.$digest (https://arvi.sanomapro.fi/main.c3c37d1981daa425b123.js:1:998074)
    at https://arvi.sanomapro.fi/main.c3c37d1981daa425b123.js:1:3297561
    at t.o [as _next] (https://arvi.sanomapro.fi/main.c3c37d1981daa425b123.js:1:716529)
    at t.__tryOrUnsub (https://arvi.sanomapro.fi/main.c3c37d1981daa425b123.js:1:868429)
    at t.next (https://arvi.sanomapro.fi/main.c3c37d1981daa425b123.js:1:867574)
    at t._next (https://arvi.sanomapro.fi/main.c3c37d1981daa425b123.js:1:866650) @ https://arvi.sanomapro.fi/main.c3c37d1981daa425b123.js:0
[   23498ms] [ERROR] Error: Parameter "key" required
    at e.instant (https://arvi.sanomapro.fi/main.c3c37d1981daa425b123.js:1:607532)
    at https://arvi.sanomapro.fi/main.c3c37d1981daa425b123.js:1:3768194
    at fn (eval at compile (https://arvi.sanomapro.fi/main.c3c37d1981daa425b123.js:1:1008937), <anonymous>:4:227)
    at https://arvi.sanomapro.fi/main.c3c37d1981daa425b123.js:1:990070
    at u.$digest (https://arvi.sanomapro.fi/main.c3c37d1981daa425b123.js:1:998074)
    at https://arvi.sanomapro.fi/main.c3c37d1981daa425b123.js:1:3297561
    at t.o [as _next] (https://arvi.sanomapro.fi/main.c3c37d1981daa425b123.js:1:716529)
    at t.__tryOrUnsub (https://arvi.sanomapro.fi/main.c3c37d1981daa425b123.js:1:868429)
    at t.next (https://arvi.sanomapro.fi/main.c3c37d1981daa425b123.js:1:867574)
    at t._next (https://arvi.sanomapro.fi/main.c3c37d1981daa425b123.js:1:866650) @ https://arvi.sanomapro.fi/main.c3c37d1981daa425b123.js:0
[   23502ms] [ERROR] Error: Parameter "key" required
    at e.instant (https://arvi.sanomapro.fi/main.c3c37d1981daa425b123.js:1:607532)
    at https://arvi.sanomapro.fi/main.c3c37d1981daa425b123.js:1:3768194
    at fn (eval at compile (https://arvi.sanomapro.fi/main.c3c37d1981daa425b123.js:1:1008937), <anonymous>:4:227)
    at https://arvi.sanomapro.fi/main.c3c37d1981daa425b123.js:1:990070
    at u.$digest (https://arvi.sanomapro.fi/main.c3c37d1981daa425b123.js:1:998074)
    at https://arvi.sanomapro.fi/main.c3c37d1981daa425b123.js:1:3297561
    at t.o [as _next] (https://arvi.sanomapro.fi/main.c3c37d1981daa425b123.js:1:716529)
    at t.__tryOrUnsub (https://arvi.sanomapro.fi/main.c3c37d1981daa425b123.js:1:868429)
    at t.next (https://arvi.sanomapro.fi/main.c3c37d1981daa425b123.js:1:867574)
    at t._next (https://arvi.sanomapro.fi/main.c3c37d1981daa425b123.js:1:866650) @ https://arvi.sanomapro.fi/main.c3c37d1981daa425b123.js:0
[   23515ms] [ERROR] Error: Parameter "key" required
    at e.instant (https://arvi.sanomapro.fi/main.c3c37d1981daa425b123.js:1:607532)
    at https://arvi.sanomapro.fi/main.c3c37d1981daa425b123.js:1:3768194
    at fn (eval at compile (https://arvi.sanomapro.fi/main.c3c37d1981daa425b123.js:1:1008937), <anonymous>:4:227)
    at https://arvi.sanomapro.fi/main.c3c37d1981daa425b123.js:1:990070
    at u.$digest (https://arvi.sanomapro.fi/main.c3c37d1981daa425b123.js:1:998074)
    at https://arvi.sanomapro.fi/main.c3c37d1981daa425b123.js:1:3297561
    at t.o [as _next] (https://arvi.sanomapro.fi/main.c3c37d1981daa425b123.js:1:716529)
    at t.__tryOrUnsub (https://arvi.sanomapro.fi/main.c3c37d1981daa425b123.js:1:868429)
    at t.next (https://arvi.sanomapro.fi/main.c3c37d1981daa425b123.js:1:867574)
    at t._next (https://arvi.sanomapro.fi/main.c3c37d1981daa425b123.js:1:866650) @ https://arvi.sanomapro.fi/main.c3c37d1981daa425b123.js:0
[   23518ms] [ERROR] Error: Parameter "key" required
    at e.instant (https://arvi.sanomapro.fi/main.c3c37d1981daa425b123.js:1:607532)
    at https://arvi.sanomapro.fi/main.c3c37d1981daa425b123.js:1:3768194
    at fn (eval at compile (https://arvi.sanomapro.fi/main.c3c37d1981daa425b123.js:1:1008937), <anonymous>:4:227)
    at https://arvi.sanomapro.fi/main.c3c37d1981daa425b123.js:1:990070
    at u.$digest (https://arvi.sanomapro.fi/main.c3c37d1981daa425b123.js:1:998074)
    at https://arvi.sanomapro.fi/main.c3c37d1981daa425b123.js:1:3297561
    at t.o [as _next] (https://arvi.sanomapro.fi/main.c3c37d1981daa425b123.js:1:716529)
    at t.__tryOrUnsub (https://arvi.sanomapro.fi/main.c3c37d1981daa425b123.js:1:868429)
    at t.next (https://arvi.sanomapro.fi/main.c3c37d1981daa425b123.js:1:867574)
    at t._next (https://arvi.sanomapro.fi/main.c3c37d1981daa425b123.js:1:866650) @ https://arvi.sanomapro.fi/main.c3c37d1981daa425b123.js:0
[   23532ms] [ERROR] Error: Parameter "key" required
    at e.instant (https://arvi.sanomapro.fi/main.c3c37d1981daa425b123.js:1:607532)
    at https://arvi.sanomapro.fi/main.c3c37d1981daa425b123.js:1:3768194
    at fn (eval at compile (https://arvi.sanomapro.fi/main.c3c37d1981daa425b123.js:1:1008937), <anonymous>:4:227)
    at https://arvi.sanomapro.fi/main.c3c37d1981daa425b123.js:1:990070
    at u.$digest (https://arvi.sanomapro.fi/main.c3c37d1981daa425b123.js:1:998074)
    at https://arvi.sanomapro.fi/main.c3c37d1981daa425b123.js:1:3297561
    at t.o [as _next] (https://arvi.sanomapro.fi/main.c3c37d1981daa425b123.js:1:716529)
    at t.__tryOrUnsub (https://arvi.sanomapro.fi/main.c3c37d1981daa425b123.js:1:868429)
    at t.next (https://arvi.sanomapro.fi/main.c3c37d1981daa425b123.js:1:867574)
    at t._next (https://arvi.sanomapro.fi/main.c3c37d1981daa425b123.js:1:866650) @ https://arvi.sanomapro.fi/main.c3c37d1981daa425b123.js:0
[   23535ms] [ERROR] Error: Parameter "key" required
    at e.instant (https://arvi.sanomapro.fi/main.c3c37d1981daa425b123.js:1:607532)
    at https://arvi.sanomapro.fi/main.c3c37d1981daa425b123.js:1:3768194
    at fn (eval at compile (https://arvi.sanomapro.fi/main.c3c37d1981daa425b123.js:1:1008937), <anonymous>:4:227)
    at https://arvi.sanomapro.fi/main.c3c37d1981daa425b123.js:1:990070
    at u.$digest (https://arvi.sanomapro.fi/main.c3c37d1981daa425b123.js:1:998074)
    at https://arvi.sanomapro.fi/main.c3c37d1981daa425b123.js:1:3297561
    at t.o [as _next] (https://arvi.sanomapro.fi/main.c3c37d1981daa425b123.js:1:716529)
    at t.__tryOrUnsub (https://arvi.sanomapro.fi/main.c3c37d1981daa425b123.js:1:868429)
    at t.next (https://arvi.sanomapro.fi/main.c3c37d1981daa425b123.js:1:867574)
    at t._next (https://arvi.sanomapro.fi/main.c3c37d1981daa425b123.js:1:866650) @ https://arvi.sanomapro.fi/main.c3c37d1981daa425b123.js:0
[   23548ms] [ERROR] Error: Parameter "key" required
    at e.instant (https://arvi.sanomapro.fi/main.c3c37d1981daa425b123.js:1:607532)
    at https://arvi.sanomapro.fi/main.c3c37d1981daa425b123.js:1:3768194
    at fn (eval at compile (https://arvi.sanomapro.fi/main.c3c37d1981daa425b123.js:1:1008937), <anonymous>:4:227)
    at https://arvi.sanomapro.fi/main.c3c37d1981daa425b123.js:1:990070
    at u.$digest (https://arvi.sanomapro.fi/main.c3c37d1981daa425b123.js:1:998074)
    at https://arvi.sanomapro.fi/main.c3c37d1981daa425b123.js:1:3297561
    at t.o [as _next] (https://arvi.sanomapro.fi/main.c3c37d1981daa425b123.js:1:716529)
    at t.__tryOrUnsub (https://arvi.sanomapro.fi/main.c3c37d1981daa425b123.js:1:868429)
    at t.next (https://arvi.sanomapro.fi/main.c3c37d1981daa425b123.js:1:867574)
    at t._next (https://arvi.sanomapro.fi/main.c3c37d1981daa425b123.js:1:866650) @ https://arvi.sanomapro.fi/main.c3c37d1981daa425b123.js:0
[   23551ms] [ERROR] Error: Parameter "key" required
    at e.instant (https://arvi.sanomapro.fi/main.c3c37d1981daa425b123.js:1:607532)
    at https://arvi.sanomapro.fi/main.c3c37d1981daa425b123.js:1:3768194
    at fn (eval at compile (https://arvi.sanomapro.fi/main.c3c37d1981daa425b123.js:1:1008937), <anonymous>:4:227)
    at https://arvi.sanomapro.fi/main.c3c37d1981daa425b123.js:1:990070
    at u.$digest (https://arvi.sanomapro.fi/main.c3c37d1981daa425b123.js:1:998074)
    at https://arvi.sanomapro.fi/main.c3c37d1981daa425b123.js:1:3297561
    at t.o [as _next] (https://arvi.sanomapro.fi/main.c3c37d1981daa425b123.js:1:716529)
    at t.__tryOrUnsub (https://arvi.sanomapro.fi/main.c3c37d1981daa425b123.js:1:868429)
    at t.next (https://arvi.sanomapro.fi/main.c3c37d1981daa425b123.js:1:867574)
    at t._next (https://arvi.sanomapro.fi/main.c3c37d1981daa425b123.js:1:866650) @ https://arvi.sanomapro.fi/main.c3c37d1981daa425b123.js:0
[   23565ms] [ERROR] Error: Parameter "key" required
    at e.instant (https://arvi.sanomapro.fi/main.c3c37d1981daa425b123.js:1:607532)
    at https://arvi.sanomapro.fi/main.c3c37d1981daa425b123.js:1:3768194
    at fn (eval at compile (https://arvi.sanomapro.fi/main.c3c37d1981daa425b123.js:1:1008937), <anonymous>:4:227)
    at https://arvi.sanomapro.fi/main.c3c37d1981daa425b123.js:1:990070
    at u.$digest (https://arvi.sanomapro.fi/main.c3c37d1981daa425b123.js:1:998074)
    at https://arvi.sanomapro.fi/main.c3c37d1981daa425b123.js:1:3297561
    at t.o [as _next] (https://arvi.sanomapro.fi/main.c3c37d1981daa425b123.js:1:716529)
    at t.__tryOrUnsub (https://arvi.sanomapro.fi/main.c3c37d1981daa425b123.js:1:868429)
    at t.next (https://arvi.sanomapro.fi/main.c3c37d1981daa425b123.js:1:867574)
    at t._next (https://arvi.sanomapro.fi/main.c3c37d1981daa425b123.js:1:866650) @ https://arvi.sanomapro.fi/main.c3c37d1981daa425b123.js:0
[   23568ms] [ERROR] Error: Parameter "key" required
    at e.instant (https://arvi.sanomapro.fi/main.c3c37d1981daa425b123.js:1:607532)
    at https://arvi.sanomapro.fi/main.c3c37d1981daa425b123.js:1:3768194
    at fn (eval at compile (https://arvi.sanomapro.fi/main.c3c37d1981daa425b123.js:1:1008937), <anonymous>:4:227)
    at https://arvi.sanomapro.fi/main.c3c37d1981daa425b123.js:1:990070
    at u.$digest (https://arvi.sanomapro.fi/main.c3c37d1981daa425b123.js:1:998074)
    at https://arvi.sanomapro.fi/main.c3c37d1981daa425b123.js:1:3297561
    at t.o [as _next] (https://arvi.sanomapro.fi/main.c3c37d1981daa425b123.js:1:716529)
    at t.__tryOrUnsub (https://arvi.sanomapro.fi/main.c3c37d1981daa425b123.js:1:868429)
    at t.next (https://arvi.sanomapro.fi/main.c3c37d1981daa425b123.js:1:867574)
    at t._next (https://arvi.sanomapro.fi/main.c3c37d1981daa425b123.js:1:866650) @ https://arvi.sanomapro.fi/main.c3c37d1981daa425b123.js:0
[   23582ms] [ERROR] Error: Parameter "key" required
    at e.instant (https://arvi.sanomapro.fi/main.c3c37d1981daa425b123.js:1:607532)
    at https://arvi.sanomapro.fi/main.c3c37d1981daa425b123.js:1:3768194
    at fn (eval at compile (https://arvi.sanomapro.fi/main.c3c37d1981daa425b123.js:1:1008937), <anonymous>:4:227)
    at https://arvi.sanomapro.fi/main.c3c37d1981daa425b123.js:1:990070
    at u.$digest (https://arvi.sanomapro.fi/main.c3c37d1981daa425b123.js:1:998074)
    at https://arvi.sanomapro.fi/main.c3c37d1981daa425b123.js:1:3297561
    at t.o [as _next] (https://arvi.sanomapro.fi/main.c3c37d1981daa425b123.js:1:716529)
    at t.__tryOrUnsub (https://arvi.sanomapro.fi/main.c3c37d1981daa425b123.js:1:868429)
    at t.next (https://arvi.sanomapro.fi/main.c3c37d1981daa425b123.js:1:867574)
    at t._next (https://arvi.sanomapro.fi/main.c3c37d1981daa425b123.js:1:866650) @ https://arvi.sanomapro.fi/main.c3c37d1981daa425b123.js:0
[   23585ms] [ERROR] Error: Parameter "key" required
    at e.instant (https://arvi.sanomapro.fi/main.c3c37d1981daa425b123.js:1:607532)
    at https://arvi.sanomapro.fi/main.c3c37d1981daa425b123.js:1:3768194
    at fn (eval at compile (https://arvi.sanomapro.fi/main.c3c37d1981daa425b123.js:1:1008937), <anonymous>:4:227)
    at https://arvi.sanomapro.fi/main.c3c37d1981daa425b123.js:1:990070
    at u.$digest (https://arvi.sanomapro.fi/main.c3c37d1981daa425b123.js:1:998074)
    at https://arvi.sanomapro.fi/main.c3c37d1981daa425b123.js:1:3297561
    at t.o [as _next] (https://arvi.sanomapro.fi/main.c3c37d1981daa425b123.js:1:716529)
    at t.__tryOrUnsub (https://arvi.sanomapro.fi/main.c3c37d1981daa425b123.js:1:868429)
    at t.next (https://arvi.sanomapro.fi/main.c3c37d1981daa425b123.js:1:867574)
    at t._next (https://arvi.sanomapro.fi/main.c3c37d1981daa425b123.js:1:866650) @ https://arvi.sanomapro.fi/main.c3c37d1981daa425b123.js:0
[   23599ms] [ERROR] Error: Parameter "key" required
    at e.instant (https://arvi.sanomapro.fi/main.c3c37d1981daa425b123.js:1:607532)
    at https://arvi.sanomapro.fi/main.c3c37d1981daa425b123.js:1:3768194
    at fn (eval at compile (https://arvi.sanomapro.fi/main.c3c37d1981daa425b123.js:1:1008937), <anonymous>:4:227)
    at https://arvi.sanomapro.fi/main.c3c37d1981daa425b123.js:1:990070
    at u.$digest (https://arvi.sanomapro.fi/main.c3c37d1981daa425b123.js:1:998074)
    at https://arvi.sanomapro.fi/main.c3c37d1981daa425b123.js:1:3297561
    at t.o [as _next] (https://arvi.sanomapro.fi/main.c3c37d1981daa425b123.js:1:716529)
    at t.__tryOrUnsub (https://arvi.sanomapro.fi/main.c3c37d1981daa425b123.js:1:868429)
    at t.next (https://arvi.sanomapro.fi/main.c3c37d1981daa425b123.js:1:867574)
    at t._next (https://arvi.sanomapro.fi/main.c3c37d1981daa425b123.js:1:866650) @ https://arvi.sanomapro.fi/main.c3c37d1981daa425b123.js:0
[   23602ms] [ERROR] Error: Parameter "key" required
    at e.instant (https://arvi.sanomapro.fi/main.c3c37d1981daa425b123.js:1:607532)
    at https://arvi.sanomapro.fi/main.c3c37d1981daa425b123.js:1:3768194
    at fn (eval at compile (https://arvi.sanomapro.fi/main.c3c37d1981daa425b123.js:1:1008937), <anonymous>:4:227)
    at https://arvi.sanomapro.fi/main.c3c37d1981daa425b123.js:1:990070
    at u.$digest (https://arvi.sanomapro.fi/main.c3c37d1981daa425b123.js:1:998074)
    at https://arvi.sanomapro.fi/main.c3c37d1981daa425b123.js:1:3297561
    at t.o [as _next] (https://arvi.sanomapro.fi/main.c3c37d1981daa425b123.js:1:716529)
    at t.__tryOrUnsub (https://arvi.sanomapro.fi/main.c3c37d1981daa425b123.js:1:868429)
    at t.next (https://arvi.sanomapro.fi/main.c3c37d1981daa425b123.js:1:867574)
    at t._next (https://arvi.sanomapro.fi/main.c3c37d1981daa425b123.js:1:866650) @ https://arvi.sanomapro.fi/main.c3c37d1981daa425b123.js:0
[   23616ms] [ERROR] Error: Parameter "key" required
    at e.instant (https://arvi.sanomapro.fi/main.c3c37d1981daa425b123.js:1:607532)
    at https://arvi.sanomapro.fi/main.c3c37d1981daa425b123.js:1:3768194
    at fn (eval at compile (https://arvi.sanomapro.fi/main.c3c37d1981daa425b123.js:1:1008937), <anonymous>:4:227)
    at https://arvi.sanomapro.fi/main.c3c37d1981daa425b123.js:1:990070
    at u.$digest (https://arvi.sanomapro.fi/main.c3c37d1981daa425b123.js:1:998074)
    at https://arvi.sanomapro.fi/main.c3c37d1981daa425b123.js:1:3297561
    at t.o [as _next] (https://arvi.sanomapro.fi/main.c3c37d1981daa425b123.js:1:716529)
    at t.__tryOrUnsub (https://arvi.sanomapro.fi/main.c3c37d1981daa425b123.js:1:868429)
    at t.next (https://arvi.sanomapro.fi/main.c3c37d1981daa425b123.js:1:867574)
    at t._next (https://arvi.sanomapro.fi/main.c3c37d1981daa425b123.js:1:866650) @ https://arvi.sanomapro.fi/main.c3c37d1981daa425b123.js:0
[   23633ms] [ERROR] Error: Parameter "key" required
    at e.instant (https://arvi.sanomapro.fi/main.c3c37d1981daa425b123.js:1:607532)
    at https://arvi.sanomapro.fi/main.c3c37d1981daa425b123.js:1:3768194
    at fn (eval at compile (https://arvi.sanomapro.fi/main.c3c37d1981daa425b123.js:1:1008937), <anonymous>:4:227)
    at https://arvi.sanomapro.fi/main.c3c37d1981daa425b123.js:1:990070
    at u.$digest (https://arvi.sanomapro.fi/main.c3c37d1981daa425b123.js:1:998074)
    at https://arvi.sanomapro.fi/main.c3c37d1981daa425b123.js:1:3297561
    at t.o [as _next] (https://arvi.sanomapro.fi/main.c3c37d1981daa425b123.js:1:716529)
    at t.__tryOrUnsub (https://arvi.sanomapro.fi/main.c3c37d1981daa425b123.js:1:868429)
    at t.next (https://arvi.sanomapro.fi/main.c3c37d1981daa425b123.js:1:867574)
    at t._next (https://arvi.sanomapro.fi/main.c3c37d1981daa425b123.js:1:866650) @ https://arvi.sanomapro.fi/main.c3c37d1981daa425b123.js:0
[   23650ms] [ERROR] Error: Parameter "key" required
    at e.instant (https://arvi.sanomapro.fi/main.c3c37d1981daa425b123.js:1:607532)
    at https://arvi.sanomapro.fi/main.c3c37d1981daa425b123.js:1:3768194
    at fn (eval at compile (https://arvi.sanomapro.fi/main.c3c37d1981daa425b123.js:1:1008937), <anonymous>:4:227)
    at https://arvi.sanomapro.fi/main.c3c37d1981daa425b123.js:1:990070
    at u.$digest (https://arvi.sanomapro.fi/main.c3c37d1981daa425b123.js:1:998074)
    at https://arvi.sanomapro.fi/main.c3c37d1981daa425b123.js:1:3297561
    at t.o [as _next] (https://arvi.sanomapro.fi/main.c3c37d1981daa425b123.js:1:716529)
    at t.__tryOrUnsub (https://arvi.sanomapro.fi/main.c3c37d1981daa425b123.js:1:868429)
    at t.next (https://arvi.sanomapro.fi/main.c3c37d1981daa425b123.js:1:867574)
    at t._next (https://arvi.sanomapro.fi/main.c3c37d1981daa425b123.js:1:866650) @ https://arvi.sanomapro.fi/main.c3c37d1981daa425b123.js:0
[   23665ms] [ERROR] Error: Parameter "key" required
    at e.instant (https://arvi.sanomapro.fi/main.c3c37d1981daa425b123.js:1:607532)
    at https://arvi.sanomapro.fi/main.c3c37d1981daa425b123.js:1:3768194
    at fn (eval at compile (https://arvi.sanomapro.fi/main.c3c37d1981daa425b123.js:1:1008937), <anonymous>:4:227)
    at https://arvi.sanomapro.fi/main.c3c37d1981daa425b123.js:1:990070
    at u.$digest (https://arvi.sanomapro.fi/main.c3c37d1981daa425b123.js:1:998074)
    at https://arvi.sanomapro.fi/main.c3c37d1981daa425b123.js:1:3297561
    at t.o [as _next] (https://arvi.sanomapro.fi/main.c3c37d1981daa425b123.js:1:716529)
    at t.__tryOrUnsub (https://arvi.sanomapro.fi/main.c3c37d1981daa425b123.js:1:868429)
    at t.next (https://arvi.sanomapro.fi/main.c3c37d1981daa425b123.js:1:867574)
    at t._next (https://arvi.sanomapro.fi/main.c3c37d1981daa425b123.js:1:866650) @ https://arvi.sanomapro.fi/main.c3c37d1981daa425b123.js:0
[   23668ms] [ERROR] Error: Parameter "key" required
    at e.instant (https://arvi.sanomapro.fi/main.c3c37d1981daa425b123.js:1:607532)
    at https://arvi.sanomapro.fi/main.c3c37d1981daa425b123.js:1:3768194
    at fn (eval at compile (https://arvi.sanomapro.fi/main.c3c37d1981daa425b123.js:1:1008937), <anonymous>:4:227)
    at https://arvi.sanomapro.fi/main.c3c37d1981daa425b123.js:1:990070
    at u.$digest (https://arvi.sanomapro.fi/main.c3c37d1981daa425b123.js:1:998074)
    at https://arvi.sanomapro.fi/main.c3c37d1981daa425b123.js:1:3297561
    at t.o [as _next] (https://arvi.sanomapro.fi/main.c3c37d1981daa425b123.js:1:716529)
    at t.__tryOrUnsub (https://arvi.sanomapro.fi/main.c3c37d1981daa425b123.js:1:868429)
    at t.next (https://arvi.sanomapro.fi/main.c3c37d1981daa425b123.js:1:867574)
    at t._next (https://arvi.sanomapro.fi/main.c3c37d1981daa425b123.js:1:866650) @ https://arvi.sanomapro.fi/main.c3c37d1981daa425b123.js:0
[   23682ms] [ERROR] Error: Parameter "key" required
    at e.instant (https://arvi.sanomapro.fi/main.c3c37d1981daa425b123.js:1:607532)
    at https://arvi.sanomapro.fi/main.c3c37d1981daa425b123.js:1:3768194
    at fn (eval at compile (https://arvi.sanomapro.fi/main.c3c37d1981daa425b123.js:1:1008937), <anonymous>:4:227)
    at https://arvi.sanomapro.fi/main.c3c37d1981daa425b123.js:1:990070
    at u.$digest (https://arvi.sanomapro.fi/main.c3c37d1981daa425b123.js:1:998074)
    at https://arvi.sanomapro.fi/main.c3c37d1981daa425b123.js:1:3297561
    at t.o [as _next] (https://arvi.sanomapro.fi/main.c3c37d1981daa425b123.js:1:716529)
    at t.__tryOrUnsub (https://arvi.sanomapro.fi/main.c3c37d1981daa425b123.js:1:868429)
    at t.next (https://arvi.sanomapro.fi/main.c3c37d1981daa425b123.js:1:867574)
    at t._next (https://arvi.sanomapro.fi/main.c3c37d1981daa425b123.js:1:866650) @ https://arvi.sanomapro.fi/main.c3c37d1981daa425b123.js:0
[   23685ms] [ERROR] Error: Parameter "key" required
    at e.instant (https://arvi.sanomapro.fi/main.c3c37d1981daa425b123.js:1:607532)
    at https://arvi.sanomapro.fi/main.c3c37d1981daa425b123.js:1:3768194
    at fn (eval at compile (https://arvi.sanomapro.fi/main.c3c37d1981daa425b123.js:1:1008937), <anonymous>:4:227)
    at https://arvi.sanomapro.fi/main.c3c37d1981daa425b123.js:1:990070
    at u.$digest (https://arvi.sanomapro.fi/main.c3c37d1981daa425b123.js:1:998074)
    at https://arvi.sanomapro.fi/main.c3c37d1981daa425b123.js:1:3297561
    at t.o [as _next] (https://arvi.sanomapro.fi/main.c3c37d1981daa425b123.js:1:716529)
    at t.__tryOrUnsub (https://arvi.sanomapro.fi/main.c3c37d1981daa425b123.js:1:868429)
    at t.next (https://arvi.sanomapro.fi/main.c3c37d1981daa425b123.js:1:867574)
    at t._next (https://arvi.sanomapro.fi/main.c3c37d1981daa425b123.js:1:866650) @ https://arvi.sanomapro.fi/main.c3c37d1981daa425b123.js:0
[   23699ms] [ERROR] Error: Parameter "key" required
    at e.instant (https://arvi.sanomapro.fi/main.c3c37d1981daa425b123.js:1:607532)
    at https://arvi.sanomapro.fi/main.c3c37d1981daa425b123.js:1:3768194
    at fn (eval at compile (https://arvi.sanomapro.fi/main.c3c37d1981daa425b123.js:1:1008937), <anonymous>:4:227)
    at https://arvi.sanomapro.fi/main.c3c37d1981daa425b123.js:1:990070
    at u.$digest (https://arvi.sanomapro.fi/main.c3c37d1981daa425b123.js:1:998074)
    at https://arvi.sanomapro.fi/main.c3c37d1981daa425b123.js:1:3297561
    at t.o [as _next] (https://arvi.sanomapro.fi/main.c3c37d1981daa425b123.js:1:716529)
    at t.__tryOrUnsub (https://arvi.sanomapro.fi/main.c3c37d1981daa425b123.js:1:868429)
    at t.next (https://arvi.sanomapro.fi/main.c3c37d1981daa425b123.js:1:867574)
    at t._next (https://arvi.sanomapro.fi/main.c3c37d1981daa425b123.js:1:866650) @ https://arvi.sanomapro.fi/main.c3c37d1981daa425b123.js:0
[   23702ms] [ERROR] Error: Parameter "key" required
    at e.instant (https://arvi.sanomapro.fi/main.c3c37d1981daa425b123.js:1:607532)
    at https://arvi.sanomapro.fi/main.c3c37d1981daa425b123.js:1:3768194
    at fn (eval at compile (https://arvi.sanomapro.fi/main.c3c37d1981daa425b123.js:1:1008937), <anonymous>:4:227)
    at https://arvi.sanomapro.fi/main.c3c37d1981daa425b123.js:1:990070
    at u.$digest (https://arvi.sanomapro.fi/main.c3c37d1981daa425b123.js:1:998074)
    at https://arvi.sanomapro.fi/main.c3c37d1981daa425b123.js:1:3297561
    at t.o [as _next] (https://arvi.sanomapro.fi/main.c3c37d1981daa425b123.js:1:716529)
    at t.__tryOrUnsub (https://arvi.sanomapro.fi/main.c3c37d1981daa425b123.js:1:868429)
    at t.next (https://arvi.sanomapro.fi/main.c3c37d1981daa425b123.js:1:867574)
    at t._next (https://arvi.sanomapro.fi/main.c3c37d1981daa425b123.js:1:866650) @ https://arvi.sanomapro.fi/main.c3c37d1981daa425b123.js:0
[   23715ms] [ERROR] Error: Parameter "key" required
    at e.instant (https://arvi.sanomapro.fi/main.c3c37d1981daa425b123.js:1:607532)
    at https://arvi.sanomapro.fi/main.c3c37d1981daa425b123.js:1:3768194
    at fn (eval at compile (https://arvi.sanomapro.fi/main.c3c37d1981daa425b123.js:1:1008937), <anonymous>:4:227)
    at https://arvi.sanomapro.fi/main.c3c37d1981daa425b123.js:1:990070
    at u.$digest (https://arvi.sanomapro.fi/main.c3c37d1981daa425b123.js:1:998074)
    at https://arvi.sanomapro.fi/main.c3c37d1981daa425b123.js:1:3297561
    at t.o [as _next] (https://arvi.sanomapro.fi/main.c3c37d1981daa425b123.js:1:716529)
    at t.__tryOrUnsub (https://arvi.sanomapro.fi/main.c3c37d1981daa425b123.js:1:868429)
    at t.next (https://arvi.sanomapro.fi/main.c3c37d1981daa425b123.js:1:867574)
    at t._next (https://arvi.sanomapro.fi/main.c3c37d1981daa425b123.js:1:866650) @ https://arvi.sanomapro.fi/main.c3c37d1981daa425b123.js:0
[   23718ms] [ERROR] Error: Parameter "key" required
    at e.instant (https://arvi.sanomapro.fi/main.c3c37d1981daa425b123.js:1:607532)
    at https://arvi.sanomapro.fi/main.c3c37d1981daa425b123.js:1:3768194
    at fn (eval at compile (https://arvi.sanomapro.fi/main.c3c37d1981daa425b123.js:1:1008937), <anonymous>:4:227)
    at https://arvi.sanomapro.fi/main.c3c37d1981daa425b123.js:1:990070
    at u.$digest (https://arvi.sanomapro.fi/main.c3c37d1981daa425b123.js:1:998074)
    at https://arvi.sanomapro.fi/main.c3c37d1981daa425b123.js:1:3297561
    at t.o [as _next] (https://arvi.sanomapro.fi/main.c3c37d1981daa425b123.js:1:716529)
    at t.__tryOrUnsub (https://arvi.sanomapro.fi/main.c3c37d1981daa425b123.js:1:868429)
    at t.next (https://arvi.sanomapro.fi/main.c3c37d1981daa425b123.js:1:867574)
    at t._next (https://arvi.sanomapro.fi/main.c3c37d1981daa425b123.js:1:866650) @ https://arvi.sanomapro.fi/main.c3c37d1981daa425b123.js:0
[   23732ms] [ERROR] Error: Parameter "key" required
    at e.instant (https://arvi.sanomapro.fi/main.c3c37d1981daa425b123.js:1:607532)
    at https://arvi.sanomapro.fi/main.c3c37d1981daa425b123.js:1:3768194
    at fn (eval at compile (https://arvi.sanomapro.fi/main.c3c37d1981daa425b123.js:1:1008937), <anonymous>:4:227)
    at https://arvi.sanomapro.fi/main.c3c37d1981daa425b123.js:1:990070
    at u.$digest (https://arvi.sanomapro.fi/main.c3c37d1981daa425b123.js:1:998074)
    at https://arvi.sanomapro.fi/main.c3c37d1981daa425b123.js:1:3297561
    at t.o [as _next] (https://arvi.sanomapro.fi/main.c3c37d1981daa425b123.js:1:716529)
    at t.__tryOrUnsub (https://arvi.sanomapro.fi/main.c3c37d1981daa425b123.js:1:868429)
    at t.next (https://arvi.sanomapro.fi/main.c3c37d1981daa425b123.js:1:867574)
    at t._next (https://arvi.sanomapro.fi/main.c3c37d1981daa425b123.js:1:866650) @ https://arvi.sanomapro.fi/main.c3c37d1981daa425b123.js:0
[   23736ms] [ERROR] Error: Parameter "key" required
    at e.instant (https://arvi.sanomapro.fi/main.c3c37d1981daa425b123.js:1:607532)
    at https://arvi.sanomapro.fi/main.c3c37d1981daa425b123.js:1:3768194
    at fn (eval at compile (https://arvi.sanomapro.fi/main.c3c37d1981daa425b123.js:1:1008937), <anonymous>:4:227)
    at https://arvi.sanomapro.fi/main.c3c37d1981daa425b123.js:1:990070
    at u.$digest (https://arvi.sanomapro.fi/main.c3c37d1981daa425b123.js:1:998074)
    at https://arvi.sanomapro.fi/main.c3c37d1981daa425b123.js:1:3297561
    at t.o [as _next] (https://arvi.sanomapro.fi/main.c3c37d1981daa425b123.js:1:716529)
    at t.__tryOrUnsub (https://arvi.sanomapro.fi/main.c3c37d1981daa425b123.js:1:868429)
    at t.next (https://arvi.sanomapro.fi/main.c3c37d1981daa425b123.js:1:867574)
    at t._next (https://arvi.sanomapro.fi/main.c3c37d1981daa425b123.js:1:866650) @ https://arvi.sanomapro.fi/main.c3c37d1981daa425b123.js:0
[   23748ms] [ERROR] Error: Parameter "key" required
    at e.instant (https://arvi.sanomapro.fi/main.c3c37d1981daa425b123.js:1:607532)
    at https://arvi.sanomapro.fi/main.c3c37d1981daa425b123.js:1:3768194
    at fn (eval at compile (https://arvi.sanomapro.fi/main.c3c37d1981daa425b123.js:1:1008937), <anonymous>:4:227)
    at https://arvi.sanomapro.fi/main.c3c37d1981daa425b123.js:1:990070
    at u.$digest (https://arvi.sanomapro.fi/main.c3c37d1981daa425b123.js:1:998074)
    at https://arvi.sanomapro.fi/main.c3c37d1981daa425b123.js:1:3297561
    at t.o [as _next] (https://arvi.sanomapro.fi/main.c3c37d1981daa425b123.js:1:716529)
    at t.__tryOrUnsub (https://arvi.sanomapro.fi/main.c3c37d1981daa425b123.js:1:868429)
    at t.next (https://arvi.sanomapro.fi/main.c3c37d1981daa425b123.js:1:867574)
    at t._next (https://arvi.sanomapro.fi/main.c3c37d1981daa425b123.js:1:866650) @ https://arvi.sanomapro.fi/main.c3c37d1981daa425b123.js:0
[   23752ms] [ERROR] Error: Parameter "key" required
    at e.instant (https://arvi.sanomapro.fi/main.c3c37d1981daa425b123.js:1:607532)
    at https://arvi.sanomapro.fi/main.c3c37d1981daa425b123.js:1:3768194
    at fn (eval at compile (https://arvi.sanomapro.fi/main.c3c37d1981daa425b123.js:1:1008937), <anonymous>:4:227)
    at https://arvi.sanomapro.fi/main.c3c37d1981daa425b123.js:1:990070
    at u.$digest (https://arvi.sanomapro.fi/main.c3c37d1981daa425b123.js:1:998074)
    at https://arvi.sanomapro.fi/main.c3c37d1981daa425b123.js:1:3297561
    at t.o [as _next] (https://arvi.sanomapro.fi/main.c3c37d1981daa425b123.js:1:716529)
    at t.__tryOrUnsub (https://arvi.sanomapro.fi/main.c3c37d1981daa425b123.js:1:868429)
    at t.next (https://arvi.sanomapro.fi/main.c3c37d1981daa425b123.js:1:867574)
    at t._next (https://arvi.sanomapro.fi/main.c3c37d1981daa425b123.js:1:866650) @ https://arvi.sanomapro.fi/main.c3c37d1981daa425b123.js:0
[   23765ms] [ERROR] Error: Parameter "key" required
    at e.instant (https://arvi.sanomapro.fi/main.c3c37d1981daa425b123.js:1:607532)
    at https://arvi.sanomapro.fi/main.c3c37d1981daa425b123.js:1:3768194
    at fn (eval at compile (https://arvi.sanomapro.fi/main.c3c37d1981daa425b123.js:1:1008937), <anonymous>:4:227)
    at https://arvi.sanomapro.fi/main.c3c37d1981daa425b123.js:1:990070
    at u.$digest (https://arvi.sanomapro.fi/main.c3c37d1981daa425b123.js:1:998074)
    at https://arvi.sanomapro.fi/main.c3c37d1981daa425b123.js:1:3297561
    at t.o [as _next] (https://arvi.sanomapro.fi/main.c3c37d1981daa425b123.js:1:716529)
    at t.__tryOrUnsub (https://arvi.sanomapro.fi/main.c3c37d1981daa425b123.js:1:868429)
    at t.next (https://arvi.sanomapro.fi/main.c3c37d1981daa425b123.js:1:867574)
    at t._next (https://arvi.sanomapro.fi/main.c3c37d1981daa425b123.js:1:866650) @ https://arvi.sanomapro.fi/main.c3c37d1981daa425b123.js:0
[   23768ms] [ERROR] Error: Parameter "key" required
    at e.instant (https://arvi.sanomapro.fi/main.c3c37d1981daa425b123.js:1:607532)
    at https://arvi.sanomapro.fi/main.c3c37d1981daa425b123.js:1:3768194
    at fn (eval at compile (https://arvi.sanomapro.fi/main.c3c37d1981daa425b123.js:1:1008937), <anonymous>:4:227)
    at https://arvi.sanomapro.fi/main.c3c37d1981daa425b123.js:1:990070
    at u.$digest (https://arvi.sanomapro.fi/main.c3c37d1981daa425b123.js:1:998074)
    at https://arvi.sanomapro.fi/main.c3c37d1981daa425b123.js:1:3297561
    at t.o [as _next] (https://arvi.sanomapro.fi/main.c3c37d1981daa425b123.js:1:716529)
    at t.__tryOrUnsub (https://arvi.sanomapro.fi/main.c3c37d1981daa425b123.js:1:868429)
    at t.next (https://arvi.sanomapro.fi/main.c3c37d1981daa425b123.js:1:867574)
    at t._next (https://arvi.sanomapro.fi/main.c3c37d1981daa425b123.js:1:866650) @ https://arvi.sanomapro.fi/main.c3c37d1981daa425b123.js:0
[   23782ms] [ERROR] Error: Parameter "key" required
    at e.instant (https://arvi.sanomapro.fi/main.c3c37d1981daa425b123.js:1:607532)
    at https://arvi.sanomapro.fi/main.c3c37d1981daa425b123.js:1:3768194
    at fn (eval at compile (https://arvi.sanomapro.fi/main.c3c37d1981daa425b123.js:1:1008937), <anonymous>:4:227)
    at https://arvi.sanomapro.fi/main.c3c37d1981daa425b123.js:1:990070
    at u.$digest (https://arvi.sanomapro.fi/main.c3c37d1981daa425b123.js:1:998074)
    at https://arvi.sanomapro.fi/main.c3c37d1981daa425b123.js:1:3297561
    at t.o [as _next] (https://arvi.sanomapro.fi/main.c3c37d1981daa425b123.js:1:716529)
    at t.__tryOrUnsub (https://arvi.sanomapro.fi/main.c3c37d1981daa425b123.js:1:868429)
    at t.next (https://arvi.sanomapro.fi/main.c3c37d1981daa425b123.js:1:867574)
    at t._next (https://arvi.sanomapro.fi/main.c3c37d1981daa425b123.js:1:866650) @ https://arvi.sanomapro.fi/main.c3c37d1981daa425b123.js:0
[   23785ms] [ERROR] Error: Parameter "key" required
    at e.instant (https://arvi.sanomapro.fi/main.c3c37d1981daa425b123.js:1:607532)
    at https://arvi.sanomapro.fi/main.c3c37d1981daa425b123.js:1:3768194
    at fn (eval at compile (https://arvi.sanomapro.fi/main.c3c37d1981daa425b123.js:1:1008937), <anonymous>:4:227)
    at https://arvi.sanomapro.fi/main.c3c37d1981daa425b123.js:1:990070
    at u.$digest (https://arvi.sanomapro.fi/main.c3c37d1981daa425b123.js:1:998074)
    at https://arvi.sanomapro.fi/main.c3c37d1981daa425b123.js:1:3297561
    at t.o [as _next] (https://arvi.sanomapro.fi/main.c3c37d1981daa425b123.js:1:716529)
    at t.__tryOrUnsub (https://arvi.sanomapro.fi/main.c3c37d1981daa425b123.js:1:868429)
    at t.next (https://arvi.sanomapro.fi/main.c3c37d1981daa425b123.js:1:867574)
    at t._next (https://arvi.sanomapro.fi/main.c3c37d1981daa425b123.js:1:866650) @ https://arvi.sanomapro.fi/main.c3c37d1981daa425b123.js:0
[   23798ms] [ERROR] Error: Parameter "key" required
    at e.instant (https://arvi.sanomapro.fi/main.c3c37d1981daa425b123.js:1:607532)
    at https://arvi.sanomapro.fi/main.c3c37d1981daa425b123.js:1:3768194
    at fn (eval at compile (https://arvi.sanomapro.fi/main.c3c37d1981daa425b123.js:1:1008937), <anonymous>:4:227)
    at https://arvi.sanomapro.fi/main.c3c37d1981daa425b123.js:1:990070
    at u.$digest (https://arvi.sanomapro.fi/main.c3c37d1981daa425b123.js:1:998074)
    at https://arvi.sanomapro.fi/main.c3c37d1981daa425b123.js:1:3297561
    at t.o [as _next] (https://arvi.sanomapro.fi/main.c3c37d1981daa425b123.js:1:716529)
    at t.__tryOrUnsub (https://arvi.sanomapro.fi/main.c3c37d1981daa425b123.js:1:868429)
    at t.next (https://arvi.sanomapro.fi/main.c3c37d1981daa425b123.js:1:867574)
    at t._next (https://arvi.sanomapro.fi/main.c3c37d1981daa425b123.js:1:866650) @ https://arvi.sanomapro.fi/main.c3c37d1981daa425b123.js:0
[   23802ms] [ERROR] Error: Parameter "key" required
    at e.instant (https://arvi.sanomapro.fi/main.c3c37d1981daa425b123.js:1:607532)
    at https://arvi.sanomapro.fi/main.c3c37d1981daa425b123.js:1:3768194
    at fn (eval at compile (https://arvi.sanomapro.fi/main.c3c37d1981daa425b123.js:1:1008937), <anonymous>:4:227)
    at https://arvi.sanomapro.fi/main.c3c37d1981daa425b123.js:1:990070
    at u.$digest (https://arvi.sanomapro.fi/main.c3c37d1981daa425b123.js:1:998074)
    at https://arvi.sanomapro.fi/main.c3c37d1981daa425b123.js:1:3297561
    at t.o [as _next] (https://arvi.sanomapro.fi/main.c3c37d1981daa425b123.js:1:716529)
    at t.__tryOrUnsub (https://arvi.sanomapro.fi/main.c3c37d1981daa425b123.js:1:868429)
    at t.next (https://arvi.sanomapro.fi/main.c3c37d1981daa425b123.js:1:867574)
    at t._next (https://arvi.sanomapro.fi/main.c3c37d1981daa425b123.js:1:866650) @ https://arvi.sanomapro.fi/main.c3c37d1981daa425b123.js:0
[   23815ms] [ERROR] Error: Parameter "key" required
    at e.instant (https://arvi.sanomapro.fi/main.c3c37d1981daa425b123.js:1:607532)
    at https://arvi.sanomapro.fi/main.c3c37d1981daa425b123.js:1:3768194
    at fn (eval at compile (https://arvi.sanomapro.fi/main.c3c37d1981daa425b123.js:1:1008937), <anonymous>:4:227)
    at https://arvi.sanomapro.fi/main.c3c37d1981daa425b123.js:1:990070
    at u.$digest (https://arvi.sanomapro.fi/main.c3c37d1981daa425b123.js:1:998074)
    at https://arvi.sanomapro.fi/main.c3c37d1981daa425b123.js:1:3297561
    at t.o [as _next] (https://arvi.sanomapro.fi/main.c3c37d1981daa425b123.js:1:716529)
    at t.__tryOrUnsub (https://arvi.sanomapro.fi/main.c3c37d1981daa425b123.js:1:868429)
    at t.next (https://arvi.sanomapro.fi/main.c3c37d1981daa425b123.js:1:867574)
    at t._next (https://arvi.sanomapro.fi/main.c3c37d1981daa425b123.js:1:866650) @ https://arvi.sanomapro.fi/main.c3c37d1981daa425b123.js:0
[   23818ms] [ERROR] Error: Parameter "key" required
    at e.instant (https://arvi.sanomapro.fi/main.c3c37d1981daa425b123.js:1:607532)
    at https://arvi.sanomapro.fi/main.c3c37d1981daa425b123.js:1:3768194
    at fn (eval at compile (https://arvi.sanomapro.fi/main.c3c37d1981daa425b123.js:1:1008937), <anonymous>:4:227)
    at https://arvi.sanomapro.fi/main.c3c37d1981daa425b123.js:1:990070
    at u.$digest (https://arvi.sanomapro.fi/main.c3c37d1981daa425b123.js:1:998074)
    at https://arvi.sanomapro.fi/main.c3c37d1981daa425b123.js:1:3297561
    at t.o [as _next] (https://arvi.sanomapro.fi/main.c3c37d1981daa425b123.js:1:716529)
    at t.__tryOrUnsub (https://arvi.sanomapro.fi/main.c3c37d1981daa425b123.js:1:868429)
    at t.next (https://arvi.sanomapro.fi/main.c3c37d1981daa425b123.js:1:867574)
    at t._next (https://arvi.sanomapro.fi/main.c3c37d1981daa425b123.js:1:866650) @ https://arvi.sanomapro.fi/main.c3c37d1981daa425b123.js:0
[   23832ms] [ERROR] Error: Parameter "key" required
    at e.instant (https://arvi.sanomapro.fi/main.c3c37d1981daa425b123.js:1:607532)
    at https://arvi.sanomapro.fi/main.c3c37d1981daa425b123.js:1:3768194
    at fn (eval at compile (https://arvi.sanomapro.fi/main.c3c37d1981daa425b123.js:1:1008937), <anonymous>:4:227)
    at https://arvi.sanomapro.fi/main.c3c37d1981daa425b123.js:1:990070
    at u.$digest (https://arvi.sanomapro.fi/main.c3c37d1981daa425b123.js:1:998074)
    at https://arvi.sanomapro.fi/main.c3c37d1981daa425b123.js:1:3297561
    at t.o [as _next] (https://arvi.sanomapro.fi/main.c3c37d1981daa425b123.js:1:716529)
    at t.__tryOrUnsub (https://arvi.sanomapro.fi/main.c3c37d1981daa425b123.js:1:868429)
    at t.next (https://arvi.sanomapro.fi/main.c3c37d1981daa425b123.js:1:867574)
    at t._next (https://arvi.sanomapro.fi/main.c3c37d1981daa425b123.js:1:866650) @ https://arvi.sanomapro.fi/main.c3c37d1981daa425b123.js:0
[   23835ms] [ERROR] Error: Parameter "key" required
    at e.instant (https://arvi.sanomapro.fi/main.c3c37d1981daa425b123.js:1:607532)
    at https://arvi.sanomapro.fi/main.c3c37d1981daa425b123.js:1:3768194
    at fn (eval at compile (https://arvi.sanomapro.fi/main.c3c37d1981daa425b123.js:1:1008937), <anonymous>:4:227)
    at https://arvi.sanomapro.fi/main.c3c37d1981daa425b123.js:1:990070
    at u.$digest (https://arvi.sanomapro.fi/main.c3c37d1981daa425b123.js:1:998074)
    at https://arvi.sanomapro.fi/main.c3c37d1981daa425b123.js:1:3297561
    at t.o [as _next] (https://arvi.sanomapro.fi/main.c3c37d1981daa425b123.js:1:716529)
    at t.__tryOrUnsub (https://arvi.sanomapro.fi/main.c3c37d1981daa425b123.js:1:868429)
    at t.next (https://arvi.sanomapro.fi/main.c3c37d1981daa425b123.js:1:867574)
    at t._next (https://arvi.sanomapro.fi/main.c3c37d1981daa425b123.js:1:866650) @ https://arvi.sanomapro.fi/main.c3c37d1981daa425b123.js:0
[   23850ms] [ERROR] Error: Parameter "key" required
    at e.instant (https://arvi.sanomapro.fi/main.c3c37d1981daa425b123.js:1:607532)
    at https://arvi.sanomapro.fi/main.c3c37d1981daa425b123.js:1:3768194
    at fn (eval at compile (https://arvi.sanomapro.fi/main.c3c37d1981daa425b123.js:1:1008937), <anonymous>:4:227)
    at https://arvi.sanomapro.fi/main.c3c37d1981daa425b123.js:1:990070
    at u.$digest (https://arvi.sanomapro.fi/main.c3c37d1981daa425b123.js:1:998074)
    at https://arvi.sanomapro.fi/main.c3c37d1981daa425b123.js:1:3297561
    at t.o [as _next] (https://arvi.sanomapro.fi/main.c3c37d1981daa425b123.js:1:716529)
    at t.__tryOrUnsub (https://arvi.sanomapro.fi/main.c3c37d1981daa425b123.js:1:868429)
    at t.next (https://arvi.sanomapro.fi/main.c3c37d1981daa425b123.js:1:867574)
    at t._next (https://arvi.sanomapro.fi/main.c3c37d1981daa425b123.js:1:866650) @ https://arvi.sanomapro.fi/main.c3c37d1981daa425b123.js:0
[   23920ms] [ERROR] Error: Parameter "key" required
    at e.instant (https://arvi.sanomapro.fi/main.c3c37d1981daa425b123.js:1:607532)
    at https://arvi.sanomapro.fi/main.c3c37d1981daa425b123.js:1:3768194
    at fn (eval at compile (https://arvi.sanomapro.fi/main.c3c37d1981daa425b123.js:1:1008937), <anonymous>:4:227)
    at https://arvi.sanomapro.fi/main.c3c37d1981daa425b123.js:1:990070
    at u.$digest (https://arvi.sanomapro.fi/main.c3c37d1981daa425b123.js:1:998074)
    at https://arvi.sanomapro.fi/main.c3c37d1981daa425b123.js:1:3297561
    at t.o [as _next] (https://arvi.sanomapro.fi/main.c3c37d1981daa425b123.js:1:716529)
    at t.__tryOrUnsub (https://arvi.sanomapro.fi/main.c3c37d1981daa425b123.js:1:868429)
    at t.next (https://arvi.sanomapro.fi/main.c3c37d1981daa425b123.js:1:867574)
    at t._next (https://arvi.sanomapro.fi/main.c3c37d1981daa425b123.js:1:866650) @ https://arvi.sanomapro.fi/main.c3c37d1981daa425b123.js:0
[   23933ms] [ERROR] Error: Parameter "key" required
    at e.instant (https://arvi.sanomapro.fi/main.c3c37d1981daa425b123.js:1:607532)
    at https://arvi.sanomapro.fi/main.c3c37d1981daa425b123.js:1:3768194
    at fn (eval at compile (https://arvi.sanomapro.fi/main.c3c37d1981daa425b123.js:1:1008937), <anonymous>:4:227)
    at https://arvi.sanomapro.fi/main.c3c37d1981daa425b123.js:1:990070
    at u.$digest (https://arvi.sanomapro.fi/main.c3c37d1981daa425b123.js:1:998074)
    at https://arvi.sanomapro.fi/main.c3c37d1981daa425b123.js:1:3297561
    at t.o [as _next] (https://arvi.sanomapro.fi/main.c3c37d1981daa425b123.js:1:716529)
    at t.__tryOrUnsub (https://arvi.sanomapro.fi/main.c3c37d1981daa425b123.js:1:868429)
    at t.next (https://arvi.sanomapro.fi/main.c3c37d1981daa425b123.js:1:867574)
    at t._next (https://arvi.sanomapro.fi/main.c3c37d1981daa425b123.js:1:866650) @ https://arvi.sanomapro.fi/main.c3c37d1981daa425b123.js:0
[   23951ms] [ERROR] Error: Parameter "key" required
    at e.instant (https://arvi.sanomapro.fi/main.c3c37d1981daa425b123.js:1:607532)
    at https://arvi.sanomapro.fi/main.c3c37d1981daa425b123.js:1:3768194
    at fn (eval at compile (https://arvi.sanomapro.fi/main.c3c37d1981daa425b123.js:1:1008937), <anonymous>:4:227)
    at https://arvi.sanomapro.fi/main.c3c37d1981daa425b123.js:1:990070
    at u.$digest (https://arvi.sanomapro.fi/main.c3c37d1981daa425b123.js:1:998074)
    at https://arvi.sanomapro.fi/main.c3c37d1981daa425b123.js:1:3297561
    at t.o [as _next] (https://arvi.sanomapro.fi/main.c3c37d1981daa425b123.js:1:716529)
    at t.__tryOrUnsub (https://arvi.sanomapro.fi/main.c3c37d1981daa425b123.js:1:868429)
    at t.next (https://arvi.sanomapro.fi/main.c3c37d1981daa425b123.js:1:867574)
    at t._next (https://arvi.sanomapro.fi/main.c3c37d1981daa425b123.js:1:866650) @ https://arvi.sanomapro.fi/main.c3c37d1981daa425b123.js:0
[   23970ms] [ERROR] Error: Parameter "key" required
    at e.instant (https://arvi.sanomapro.fi/main.c3c37d1981daa425b123.js:1:607532)
    at https://arvi.sanomapro.fi/main.c3c37d1981daa425b123.js:1:3768194
    at fn (eval at compile (https://arvi.sanomapro.fi/main.c3c37d1981daa425b123.js:1:1008937), <anonymous>:4:227)
    at https://arvi.sanomapro.fi/main.c3c37d1981daa425b123.js:1:990070
    at u.$digest (https://arvi.sanomapro.fi/main.c3c37d1981daa425b123.js:1:998074)
    at https://arvi.sanomapro.fi/main.c3c37d1981daa425b123.js:1:3297561
    at t.o [as _next] (https://arvi.sanomapro.fi/main.c3c37d1981daa425b123.js:1:716529)
    at t.__tryOrUnsub (https://arvi.sanomapro.fi/main.c3c37d1981daa425b123.js:1:868429)
    at t.next (https://arvi.sanomapro.fi/main.c3c37d1981daa425b123.js:1:867574)
    at t._next (https://arvi.sanomapro.fi/main.c3c37d1981daa425b123.js:1:866650) @ https://arvi.sanomapro.fi/main.c3c37d1981daa425b123.js:0
[   23983ms] [ERROR] Error: Parameter "key" required
    at e.instant (https://arvi.sanomapro.fi/main.c3c37d1981daa425b123.js:1:607532)
    at https://arvi.sanomapro.fi/main.c3c37d1981daa425b123.js:1:3768194
    at fn (eval at compile (https://arvi.sanomapro.fi/main.c3c37d1981daa425b123.js:1:1008937), <anonymous>:4:227)
    at https://arvi.sanomapro.fi/main.c3c37d1981daa425b123.js:1:990070
    at u.$digest (https://arvi.sanomapro.fi/main.c3c37d1981daa425b123.js:1:998074)
    at https://arvi.sanomapro.fi/main.c3c37d1981daa425b123.js:1:3297561
    at t.o [as _next] (https://arvi.sanomapro.fi/main.c3c37d1981daa425b123.js:1:716529)
    at t.__tryOrUnsub (https://arvi.sanomapro.fi/main.c3c37d1981daa425b123.js:1:868429)
    at t.next (https://arvi.sanomapro.fi/main.c3c37d1981daa425b123.js:1:867574)
    at t._next (https://arvi.sanomapro.fi/main.c3c37d1981daa425b123.js:1:866650) @ https://arvi.sanomapro.fi/main.c3c37d1981daa425b123.js:0
[   24000ms] [ERROR] Error: Parameter "key" required
    at e.instant (https://arvi.sanomapro.fi/main.c3c37d1981daa425b123.js:1:607532)
    at https://arvi.sanomapro.fi/main.c3c37d1981daa425b123.js:1:3768194
    at fn (eval at compile (https://arvi.sanomapro.fi/main.c3c37d1981daa425b123.js:1:1008937), <anonymous>:4:227)
    at https://arvi.sanomapro.fi/main.c3c37d1981daa425b123.js:1:990070
    at u.$digest (https://arvi.sanomapro.fi/main.c3c37d1981daa425b123.js:1:998074)
    at https://arvi.sanomapro.fi/main.c3c37d1981daa425b123.js:1:3297561
    at t.o [as _next] (https://arvi.sanomapro.fi/main.c3c37d1981daa425b123.js:1:716529)
    at t.__tryOrUnsub (https://arvi.sanomapro.fi/main.c3c37d1981daa425b123.js:1:868429)
    at t.next (https://arvi.sanomapro.fi/main.c3c37d1981daa425b123.js:1:867574)
    at t._next (https://arvi.sanomapro.fi/main.c3c37d1981daa425b123.js:1:866650) @ https://arvi.sanomapro.fi/main.c3c37d1981daa425b123.js:0
[   24020ms] [ERROR] Error: Parameter "key" required
    at e.instant (https://arvi.sanomapro.fi/main.c3c37d1981daa425b123.js:1:607532)
    at https://arvi.sanomapro.fi/main.c3c37d1981daa425b123.js:1:3768194
    at fn (eval at compile (https://arvi.sanomapro.fi/main.c3c37d1981daa425b123.js:1:1008937), <anonymous>:4:227)
    at https://arvi.sanomapro.fi/main.c3c37d1981daa425b123.js:1:990070
    at u.$digest (https://arvi.sanomapro.fi/main.c3c37d1981daa425b123.js:1:998074)
    at https://arvi.sanomapro.fi/main.c3c37d1981daa425b123.js:1:3297561
    at t.o [as _next] (https://arvi.sanomapro.fi/main.c3c37d1981daa425b123.js:1:716529)
    at t.__tryOrUnsub (https://arvi.sanomapro.fi/main.c3c37d1981daa425b123.js:1:868429)
    at t.next (https://arvi.sanomapro.fi/main.c3c37d1981daa425b123.js:1:867574)
    at t._next (https://arvi.sanomapro.fi/main.c3c37d1981daa425b123.js:1:866650) @ https://arvi.sanomapro.fi/main.c3c37d1981daa425b123.js:0
[   24036ms] [ERROR] Error: Parameter "key" required
    at e.instant (https://arvi.sanomapro.fi/main.c3c37d1981daa425b123.js:1:607532)
    at https://arvi.sanomapro.fi/main.c3c37d1981daa425b123.js:1:3768194
    at fn (eval at compile (https://arvi.sanomapro.fi/main.c3c37d1981daa425b123.js:1:1008937), <anonymous>:4:227)
    at https://arvi.sanomapro.fi/main.c3c37d1981daa425b123.js:1:990070
    at u.$digest (https://arvi.sanomapro.fi/main.c3c37d1981daa425b123.js:1:998074)
    at https://arvi.sanomapro.fi/main.c3c37d1981daa425b123.js:1:3297561
    at t.o [as _next] (https://arvi.sanomapro.fi/main.c3c37d1981daa425b123.js:1:716529)
    at t.__tryOrUnsub (https://arvi.sanomapro.fi/main.c3c37d1981daa425b123.js:1:868429)
    at t.next (https://arvi.sanomapro.fi/main.c3c37d1981daa425b123.js:1:867574)
    at t._next (https://arvi.sanomapro.fi/main.c3c37d1981daa425b123.js:1:866650) @ https://arvi.sanomapro.fi/main.c3c37d1981daa425b123.js:0
[   24049ms] [ERROR] Error: Parameter "key" required
    at e.instant (https://arvi.sanomapro.fi/main.c3c37d1981daa425b123.js:1:607532)
    at https://arvi.sanomapro.fi/main.c3c37d1981daa425b123.js:1:3768194
    at fn (eval at compile (https://arvi.sanomapro.fi/main.c3c37d1981daa425b123.js:1:1008937), <anonymous>:4:227)
    at https://arvi.sanomapro.fi/main.c3c37d1981daa425b123.js:1:990070
    at u.$digest (https://arvi.sanomapro.fi/main.c3c37d1981daa425b123.js:1:998074)
    at https://arvi.sanomapro.fi/main.c3c37d1981daa425b123.js:1:3297561
    at t.o [as _next] (https://arvi.sanomapro.fi/main.c3c37d1981daa425b123.js:1:716529)
    at t.__tryOrUnsub (https://arvi.sanomapro.fi/main.c3c37d1981daa425b123.js:1:868429)
    at t.next (https://arvi.sanomapro.fi/main.c3c37d1981daa425b123.js:1:867574)
    at t._next (https://arvi.sanomapro.fi/main.c3c37d1981daa425b123.js:1:866650) @ https://arvi.sanomapro.fi/main.c3c37d1981daa425b123.js:0
[   24053ms] [ERROR] Error: Parameter "key" required
    at e.instant (https://arvi.sanomapro.fi/main.c3c37d1981daa425b123.js:1:607532)
    at https://arvi.sanomapro.fi/main.c3c37d1981daa425b123.js:1:3768194
    at fn (eval at compile (https://arvi.sanomapro.fi/main.c3c37d1981daa425b123.js:1:1008937), <anonymous>:4:227)
    at https://arvi.sanomapro.fi/main.c3c37d1981daa425b123.js:1:990070
    at u.$digest (https://arvi.sanomapro.fi/main.c3c37d1981daa425b123.js:1:998074)
    at https://arvi.sanomapro.fi/main.c3c37d1981daa425b123.js:1:3297561
    at t.o [as _next] (https://arvi.sanomapro.fi/main.c3c37d1981daa425b123.js:1:716529)
    at t.__tryOrUnsub (https://arvi.sanomapro.fi/main.c3c37d1981daa425b123.js:1:868429)
    at t.next (https://arvi.sanomapro.fi/main.c3c37d1981daa425b123.js:1:867574)
    at t._next (https://arvi.sanomapro.fi/main.c3c37d1981daa425b123.js:1:866650) @ https://arvi.sanomapro.fi/main.c3c37d1981daa425b123.js:0
[   24065ms] [ERROR] Error: Parameter "key" required
    at e.instant (https://arvi.sanomapro.fi/main.c3c37d1981daa425b123.js:1:607532)
    at https://arvi.sanomapro.fi/main.c3c37d1981daa425b123.js:1:3768194
    at fn (eval at compile (https://arvi.sanomapro.fi/main.c3c37d1981daa425b123.js:1:1008937), <anonymous>:4:227)
    at https://arvi.sanomapro.fi/main.c3c37d1981daa425b123.js:1:990070
    at u.$digest (https://arvi.sanomapro.fi/main.c3c37d1981daa425b123.js:1:998074)
    at https://arvi.sanomapro.fi/main.c3c37d1981daa425b123.js:1:3297561
    at t.o [as _next] (https://arvi.sanomapro.fi/main.c3c37d1981daa425b123.js:1:716529)
    at t.__tryOrUnsub (https://arvi.sanomapro.fi/main.c3c37d1981daa425b123.js:1:868429)
    at t.next (https://arvi.sanomapro.fi/main.c3c37d1981daa425b123.js:1:867574)
    at t._next (https://arvi.sanomapro.fi/main.c3c37d1981daa425b123.js:1:866650) @ https://arvi.sanomapro.fi/main.c3c37d1981daa425b123.js:0
[   24069ms] [ERROR] Error: Parameter "key" required
    at e.instant (https://arvi.sanomapro.fi/main.c3c37d1981daa425b123.js:1:607532)
    at https://arvi.sanomapro.fi/main.c3c37d1981daa425b123.js:1:3768194
    at fn (eval at compile (https://arvi.sanomapro.fi/main.c3c37d1981daa425b123.js:1:1008937), <anonymous>:4:227)
    at https://arvi.sanomapro.fi/main.c3c37d1981daa425b123.js:1:990070
    at u.$digest (https://arvi.sanomapro.fi/main.c3c37d1981daa425b123.js:1:998074)
    at https://arvi.sanomapro.fi/main.c3c37d1981daa425b123.js:1:3297561
    at t.o [as _next] (https://arvi.sanomapro.fi/main.c3c37d1981daa425b123.js:1:716529)
    at t.__tryOrUnsub (https://arvi.sanomapro.fi/main.c3c37d1981daa425b123.js:1:868429)
    at t.next (https://arvi.sanomapro.fi/main.c3c37d1981daa425b123.js:1:867574)
    at t._next (https://arvi.sanomapro.fi/main.c3c37d1981daa425b123.js:1:866650) @ https://arvi.sanomapro.fi/main.c3c37d1981daa425b123.js:0
[   24082ms] [ERROR] Error: Parameter "key" required
    at e.instant (https://arvi.sanomapro.fi/main.c3c37d1981daa425b123.js:1:607532)
    at https://arvi.sanomapro.fi/main.c3c37d1981daa425b123.js:1:3768194
    at fn (eval at compile (https://arvi.sanomapro.fi/main.c3c37d1981daa425b123.js:1:1008937), <anonymous>:4:227)
    at https://arvi.sanomapro.fi/main.c3c37d1981daa425b123.js:1:990070
    at u.$digest (https://arvi.sanomapro.fi/main.c3c37d1981daa425b123.js:1:998074)
    at https://arvi.sanomapro.fi/main.c3c37d1981daa425b123.js:1:3297561
    at t.o [as _next] (https://arvi.sanomapro.fi/main.c3c37d1981daa425b123.js:1:716529)
    at t.__tryOrUnsub (https://arvi.sanomapro.fi/main.c3c37d1981daa425b123.js:1:868429)
    at t.next (https://arvi.sanomapro.fi/main.c3c37d1981daa425b123.js:1:867574)
    at t._next (https://arvi.sanomapro.fi/main.c3c37d1981daa425b123.js:1:866650) @ https://arvi.sanomapro.fi/main.c3c37d1981daa425b123.js:0
[   24085ms] [ERROR] Error: Parameter "key" required
    at e.instant (https://arvi.sanomapro.fi/main.c3c37d1981daa425b123.js:1:607532)
    at https://arvi.sanomapro.fi/main.c3c37d1981daa425b123.js:1:3768194
    at fn (eval at compile (https://arvi.sanomapro.fi/main.c3c37d1981daa425b123.js:1:1008937), <anonymous>:4:227)
    at https://arvi.sanomapro.fi/main.c3c37d1981daa425b123.js:1:990070
    at u.$digest (https://arvi.sanomapro.fi/main.c3c37d1981daa425b123.js:1:998074)
    at https://arvi.sanomapro.fi/main.c3c37d1981daa425b123.js:1:3297561
    at t.o [as _next] (https://arvi.sanomapro.fi/main.c3c37d1981daa425b123.js:1:716529)
    at t.__tryOrUnsub (https://arvi.sanomapro.fi/main.c3c37d1981daa425b123.js:1:868429)
    at t.next (https://arvi.sanomapro.fi/main.c3c37d1981daa425b123.js:1:867574)
    at t._next (https://arvi.sanomapro.fi/main.c3c37d1981daa425b123.js:1:866650) @ https://arvi.sanomapro.fi/main.c3c37d1981daa425b123.js:0
[   24098ms] [ERROR] Error: Parameter "key" required
    at e.instant (https://arvi.sanomapro.fi/main.c3c37d1981daa425b123.js:1:607532)
    at https://arvi.sanomapro.fi/main.c3c37d1981daa425b123.js:1:3768194
    at fn (eval at compile (https://arvi.sanomapro.fi/main.c3c37d1981daa425b123.js:1:1008937), <anonymous>:4:227)
    at https://arvi.sanomapro.fi/main.c3c37d1981daa425b123.js:1:990070
    at u.$digest (https://arvi.sanomapro.fi/main.c3c37d1981daa425b123.js:1:998074)
    at https://arvi.sanomapro.fi/main.c3c37d1981daa425b123.js:1:3297561
    at t.o [as _next] (https://arvi.sanomapro.fi/main.c3c37d1981daa425b123.js:1:716529)
    at t.__tryOrUnsub (https://arvi.sanomapro.fi/main.c3c37d1981daa425b123.js:1:868429)
    at t.next (https://arvi.sanomapro.fi/main.c3c37d1981daa425b123.js:1:867574)
    at t._next (https://arvi.sanomapro.fi/main.c3c37d1981daa425b123.js:1:866650) @ https://arvi.sanomapro.fi/main.c3c37d1981daa425b123.js:0
[   24115ms] [ERROR] Error: Parameter "key" required
    at e.instant (https://arvi.sanomapro.fi/main.c3c37d1981daa425b123.js:1:607532)
    at https://arvi.sanomapro.fi/main.c3c37d1981daa425b123.js:1:3768194
    at fn (eval at compile (https://arvi.sanomapro.fi/main.c3c37d1981daa425b123.js:1:1008937), <anonymous>:4:227)
    at https://arvi.sanomapro.fi/main.c3c37d1981daa425b123.js:1:990070
    at u.$digest (https://arvi.sanomapro.fi/main.c3c37d1981daa425b123.js:1:998074)
    at https://arvi.sanomapro.fi/main.c3c37d1981daa425b123.js:1:3297561
    at t.o [as _next] (https://arvi.sanomapro.fi/main.c3c37d1981daa425b123.js:1:716529)
    at t.__tryOrUnsub (https://arvi.sanomapro.fi/main.c3c37d1981daa425b123.js:1:868429)
    at t.next (https://arvi.sanomapro.fi/main.c3c37d1981daa425b123.js:1:867574)
    at t._next (https://arvi.sanomapro.fi/main.c3c37d1981daa425b123.js:1:866650) @ https://arvi.sanomapro.fi/main.c3c37d1981daa425b123.js:0
[   24132ms] [ERROR] Error: Parameter "key" required
    at e.instant (https://arvi.sanomapro.fi/main.c3c37d1981daa425b123.js:1:607532)
    at https://arvi.sanomapro.fi/main.c3c37d1981daa425b123.js:1:3768194
    at fn (eval at compile (https://arvi.sanomapro.fi/main.c3c37d1981daa425b123.js:1:1008937), <anonymous>:4:227)
    at https://arvi.sanomapro.fi/main.c3c37d1981daa425b123.js:1:990070
    at u.$digest (https://arvi.sanomapro.fi/main.c3c37d1981daa425b123.js:1:998074)
    at https://arvi.sanomapro.fi/main.c3c37d1981daa425b123.js:1:3297561
    at t.o [as _next] (https://arvi.sanomapro.fi/main.c3c37d1981daa425b123.js:1:716529)
    at t.__tryOrUnsub (https://arvi.sanomapro.fi/main.c3c37d1981daa425b123.js:1:868429)
    at t.next (https://arvi.sanomapro.fi/main.c3c37d1981daa425b123.js:1:867574)
    at t._next (https://arvi.sanomapro.fi/main.c3c37d1981daa425b123.js:1:866650) @ https://arvi.sanomapro.fi/main.c3c37d1981daa425b123.js:0
[   24148ms] [ERROR] Error: Parameter "key" required
    at e.instant (https://arvi.sanomapro.fi/main.c3c37d1981daa425b123.js:1:607532)
    at https://arvi.sanomapro.fi/main.c3c37d1981daa425b123.js:1:3768194
    at fn (eval at compile (https://arvi.sanomapro.fi/main.c3c37d1981daa425b123.js:1:1008937), <anonymous>:4:227)
    at https://arvi.sanomapro.fi/main.c3c37d1981daa425b123.js:1:990070
    at u.$digest (https://arvi.sanomapro.fi/main.c3c37d1981daa425b123.js:1:998074)
    at https://arvi.sanomapro.fi/main.c3c37d1981daa425b123.js:1:3297561
    at t.o [as _next] (https://arvi.sanomapro.fi/main.c3c37d1981daa425b123.js:1:716529)
    at t.__tryOrUnsub (https://arvi.sanomapro.fi/main.c3c37d1981daa425b123.js:1:868429)
    at t.next (https://arvi.sanomapro.fi/main.c3c37d1981daa425b123.js:1:867574)
    at t._next (https://arvi.sanomapro.fi/main.c3c37d1981daa425b123.js:1:866650) @ https://arvi.sanomapro.fi/main.c3c37d1981daa425b123.js:0
[   24216ms] [ERROR] Error: Parameter "key" required
    at e.instant (https://arvi.sanomapro.fi/main.c3c37d1981daa425b123.js:1:607532)
    at https://arvi.sanomapro.fi/main.c3c37d1981daa425b123.js:1:3768194
    at fn (eval at compile (https://arvi.sanomapro.fi/main.c3c37d1981daa425b123.js:1:1008937), <anonymous>:4:227)
    at https://arvi.sanomapro.fi/main.c3c37d1981daa425b123.js:1:990070
    at u.$digest (https://arvi.sanomapro.fi/main.c3c37d1981daa425b123.js:1:998074)
    at https://arvi.sanomapro.fi/main.c3c37d1981daa425b123.js:1:3297561
    at t.o [as _next] (https://arvi.sanomapro.fi/main.c3c37d1981daa425b123.js:1:716529)
    at t.__tryOrUnsub (https://arvi.sanomapro.fi/main.c3c37d1981daa425b123.js:1:868429)
    at t.next (https://arvi.sanomapro.fi/main.c3c37d1981daa425b123.js:1:867574)
    at t._next (https://arvi.sanomapro.fi/main.c3c37d1981daa425b123.js:1:866650) @ https://arvi.sanomapro.fi/main.c3c37d1981daa425b123.js:0
[   24232ms] [ERROR] Error: Parameter "key" required
    at e.instant (https://arvi.sanomapro.fi/main.c3c37d1981daa425b123.js:1:607532)
    at https://arvi.sanomapro.fi/main.c3c37d1981daa425b123.js:1:3768194
    at fn (eval at compile (https://arvi.sanomapro.fi/main.c3c37d1981daa425b123.js:1:1008937), <anonymous>:4:227)
    at https://arvi.sanomapro.fi/main.c3c37d1981daa425b123.js:1:990070
    at u.$digest (https://arvi.sanomapro.fi/main.c3c37d1981daa425b123.js:1:998074)
    at https://arvi.sanomapro.fi/main.c3c37d1981daa425b123.js:1:3297561
    at t.o [as _next] (https://arvi.sanomapro.fi/main.c3c37d1981daa425b123.js:1:716529)
    at t.__tryOrUnsub (https://arvi.sanomapro.fi/main.c3c37d1981daa425b123.js:1:868429)
    at t.next (https://arvi.sanomapro.fi/main.c3c37d1981daa425b123.js:1:867574)
    at t._next (https://arvi.sanomapro.fi/main.c3c37d1981daa425b123.js:1:866650) @ https://arvi.sanomapro.fi/main.c3c37d1981daa425b123.js:0
[   24249ms] [ERROR] Error: Parameter "key" required
    at e.instant (https://arvi.sanomapro.fi/main.c3c37d1981daa425b123.js:1:607532)
    at https://arvi.sanomapro.fi/main.c3c37d1981daa425b123.js:1:3768194
    at fn (eval at compile (https://arvi.sanomapro.fi/main.c3c37d1981daa425b123.js:1:1008937), <anonymous>:4:227)
    at https://arvi.sanomapro.fi/main.c3c37d1981daa425b123.js:1:990070
    at u.$digest (https://arvi.sanomapro.fi/main.c3c37d1981daa425b123.js:1:998074)
    at https://arvi.sanomapro.fi/main.c3c37d1981daa425b123.js:1:3297561
    at t.o [as _next] (https://arvi.sanomapro.fi/main.c3c37d1981daa425b123.js:1:716529)
    at t.__tryOrUnsub (https://arvi.sanomapro.fi/main.c3c37d1981daa425b123.js:1:868429)
    at t.next (https://arvi.sanomapro.fi/main.c3c37d1981daa425b123.js:1:867574)
    at t._next (https://arvi.sanomapro.fi/main.c3c37d1981daa425b123.js:1:866650) @ https://arvi.sanomapro.fi/main.c3c37d1981daa425b123.js:0
[   24266ms] [ERROR] Error: Parameter "key" required
    at e.instant (https://arvi.sanomapro.fi/main.c3c37d1981daa425b123.js:1:607532)
    at https://arvi.sanomapro.fi/main.c3c37d1981daa425b123.js:1:3768194
    at fn (eval at compile (https://arvi.sanomapro.fi/main.c3c37d1981daa425b123.js:1:1008937), <anonymous>:4:227)
    at https://arvi.sanomapro.fi/main.c3c37d1981daa425b123.js:1:990070
    at u.$digest (https://arvi.sanomapro.fi/main.c3c37d1981daa425b123.js:1:998074)
    at https://arvi.sanomapro.fi/main.c3c37d1981daa425b123.js:1:3297561
    at t.o [as _next] (https://arvi.sanomapro.fi/main.c3c37d1981daa425b123.js:1:716529)
    at t.__tryOrUnsub (https://arvi.sanomapro.fi/main.c3c37d1981daa425b123.js:1:868429)
    at t.next (https://arvi.sanomapro.fi/main.c3c37d1981daa425b123.js:1:867574)
    at t._next (https://arvi.sanomapro.fi/main.c3c37d1981daa425b123.js:1:866650) @ https://arvi.sanomapro.fi/main.c3c37d1981daa425b123.js:0
[   24282ms] [ERROR] Error: Parameter "key" required
    at e.instant (https://arvi.sanomapro.fi/main.c3c37d1981daa425b123.js:1:607532)
    at https://arvi.sanomapro.fi/main.c3c37d1981daa425b123.js:1:3768194
    at fn (eval at compile (https://arvi.sanomapro.fi/main.c3c37d1981daa425b123.js:1:1008937), <anonymous>:4:227)
    at https://arvi.sanomapro.fi/main.c3c37d1981daa425b123.js:1:990070
    at u.$digest (https://arvi.sanomapro.fi/main.c3c37d1981daa425b123.js:1:998074)
    at https://arvi.sanomapro.fi/main.c3c37d1981daa425b123.js:1:3297561
    at t.o [as _next] (https://arvi.sanomapro.fi/main.c3c37d1981daa425b123.js:1:716529)
    at t.__tryOrUnsub (https://arvi.sanomapro.fi/main.c3c37d1981daa425b123.js:1:868429)
    at t.next (https://arvi.sanomapro.fi/main.c3c37d1981daa425b123.js:1:867574)
    at t._next (https://arvi.sanomapro.fi/main.c3c37d1981daa425b123.js:1:866650) @ https://arvi.sanomapro.fi/main.c3c37d1981daa425b123.js:0
[   24299ms] [ERROR] Error: Parameter "key" required
    at e.instant (https://arvi.sanomapro.fi/main.c3c37d1981daa425b123.js:1:607532)
    at https://arvi.sanomapro.fi/main.c3c37d1981daa425b123.js:1:3768194
    at fn (eval at compile (https://arvi.sanomapro.fi/main.c3c37d1981daa425b123.js:1:1008937), <anonymous>:4:227)
    at https://arvi.sanomapro.fi/main.c3c37d1981daa425b123.js:1:990070
    at u.$digest (https://arvi.sanomapro.fi/main.c3c37d1981daa425b123.js:1:998074)
    at https://arvi.sanomapro.fi/main.c3c37d1981daa425b123.js:1:3297561
    at t.o [as _next] (https://arvi.sanomapro.fi/main.c3c37d1981daa425b123.js:1:716529)
    at t.__tryOrUnsub (https://arvi.sanomapro.fi/main.c3c37d1981daa425b123.js:1:868429)
    at t.next (https://arvi.sanomapro.fi/main.c3c37d1981daa425b123.js:1:867574)
    at t._next (https://arvi.sanomapro.fi/main.c3c37d1981daa425b123.js:1:866650) @ https://arvi.sanomapro.fi/main.c3c37d1981daa425b123.js:0
[   24303ms] [ERROR] Error: Parameter "key" required
    at e.instant (https://arvi.sanomapro.fi/main.c3c37d1981daa425b123.js:1:607532)
    at https://arvi.sanomapro.fi/main.c3c37d1981daa425b123.js:1:3768194
    at fn (eval at compile (https://arvi.sanomapro.fi/main.c3c37d1981daa425b123.js:1:1008937), <anonymous>:4:227)
    at https://arvi.sanomapro.fi/main.c3c37d1981daa425b123.js:1:990070
    at u.$digest (https://arvi.sanomapro.fi/main.c3c37d1981daa425b123.js:1:998074)
    at https://arvi.sanomapro.fi/main.c3c37d1981daa425b123.js:1:3297561
    at t.o [as _next] (https://arvi.sanomapro.fi/main.c3c37d1981daa425b123.js:1:716529)
    at t.__tryOrUnsub (https://arvi.sanomapro.fi/main.c3c37d1981daa425b123.js:1:868429)
    at t.next (https://arvi.sanomapro.fi/main.c3c37d1981daa425b123.js:1:867574)
    at t._next (https://arvi.sanomapro.fi/main.c3c37d1981daa425b123.js:1:866650) @ https://arvi.sanomapro.fi/main.c3c37d1981daa425b123.js:0
[   24315ms] [ERROR] Error: Parameter "key" required
    at e.instant (https://arvi.sanomapro.fi/main.c3c37d1981daa425b123.js:1:607532)
    at https://arvi.sanomapro.fi/main.c3c37d1981daa425b123.js:1:3768194
    at fn (eval at compile (https://arvi.sanomapro.fi/main.c3c37d1981daa425b123.js:1:1008937), <anonymous>:4:227)
    at https://arvi.sanomapro.fi/main.c3c37d1981daa425b123.js:1:990070
    at u.$digest (https://arvi.sanomapro.fi/main.c3c37d1981daa425b123.js:1:998074)
    at https://arvi.sanomapro.fi/main.c3c37d1981daa425b123.js:1:3297561
    at t.o [as _next] (https://arvi.sanomapro.fi/main.c3c37d1981daa425b123.js:1:716529)
    at t.__tryOrUnsub (https://arvi.sanomapro.fi/main.c3c37d1981daa425b123.js:1:868429)
    at t.next (https://arvi.sanomapro.fi/main.c3c37d1981daa425b123.js:1:867574)
    at t._next (https://arvi.sanomapro.fi/main.c3c37d1981daa425b123.js:1:866650) @ https://arvi.sanomapro.fi/main.c3c37d1981daa425b123.js:0
[   24320ms] [ERROR] Error: Parameter "key" required
    at e.instant (https://arvi.sanomapro.fi/main.c3c37d1981daa425b123.js:1:607532)
    at https://arvi.sanomapro.fi/main.c3c37d1981daa425b123.js:1:3768194
    at fn (eval at compile (https://arvi.sanomapro.fi/main.c3c37d1981daa425b123.js:1:1008937), <anonymous>:4:227)
    at https://arvi.sanomapro.fi/main.c3c37d1981daa425b123.js:1:990070
    at u.$digest (https://arvi.sanomapro.fi/main.c3c37d1981daa425b123.js:1:998074)
    at https://arvi.sanomapro.fi/main.c3c37d1981daa425b123.js:1:3297561
    at t.o [as _next] (https://arvi.sanomapro.fi/main.c3c37d1981daa425b123.js:1:716529)
    at t.__tryOrUnsub (https://arvi.sanomapro.fi/main.c3c37d1981daa425b123.js:1:868429)
    at t.next (https://arvi.sanomapro.fi/main.c3c37d1981daa425b123.js:1:867574)
    at t._next (https://arvi.sanomapro.fi/main.c3c37d1981daa425b123.js:1:866650) @ https://arvi.sanomapro.fi/main.c3c37d1981daa425b123.js:0
[   24332ms] [ERROR] Error: Parameter "key" required
    at e.instant (https://arvi.sanomapro.fi/main.c3c37d1981daa425b123.js:1:607532)
    at https://arvi.sanomapro.fi/main.c3c37d1981daa425b123.js:1:3768194
    at fn (eval at compile (https://arvi.sanomapro.fi/main.c3c37d1981daa425b123.js:1:1008937), <anonymous>:4:227)
    at https://arvi.sanomapro.fi/main.c3c37d1981daa425b123.js:1:990070
    at u.$digest (https://arvi.sanomapro.fi/main.c3c37d1981daa425b123.js:1:998074)
    at https://arvi.sanomapro.fi/main.c3c37d1981daa425b123.js:1:3297561
    at t.o [as _next] (https://arvi.sanomapro.fi/main.c3c37d1981daa425b123.js:1:716529)
    at t.__tryOrUnsub (https://arvi.sanomapro.fi/main.c3c37d1981daa425b123.js:1:868429)
    at t.next (https://arvi.sanomapro.fi/main.c3c37d1981daa425b123.js:1:867574)
    at t._next (https://arvi.sanomapro.fi/main.c3c37d1981daa425b123.js:1:866650) @ https://arvi.sanomapro.fi/main.c3c37d1981daa425b123.js:0
[   24335ms] [ERROR] Error: Parameter "key" required
    at e.instant (https://arvi.sanomapro.fi/main.c3c37d1981daa425b123.js:1:607532)
    at https://arvi.sanomapro.fi/main.c3c37d1981daa425b123.js:1:3768194
    at fn (eval at compile (https://arvi.sanomapro.fi/main.c3c37d1981daa425b123.js:1:1008937), <anonymous>:4:227)
    at https://arvi.sanomapro.fi/main.c3c37d1981daa425b123.js:1:990070
    at u.$digest (https://arvi.sanomapro.fi/main.c3c37d1981daa425b123.js:1:998074)
    at https://arvi.sanomapro.fi/main.c3c37d1981daa425b123.js:1:3297561
    at t.o [as _next] (https://arvi.sanomapro.fi/main.c3c37d1981daa425b123.js:1:716529)
    at t.__tryOrUnsub (https://arvi.sanomapro.fi/main.c3c37d1981daa425b123.js:1:868429)
    at t.next (https://arvi.sanomapro.fi/main.c3c37d1981daa425b123.js:1:867574)
    at t._next (https://arvi.sanomapro.fi/main.c3c37d1981daa425b123.js:1:866650) @ https://arvi.sanomapro.fi/main.c3c37d1981daa425b123.js:0
[   24348ms] [ERROR] Error: Parameter "key" required
    at e.instant (https://arvi.sanomapro.fi/main.c3c37d1981daa425b123.js:1:607532)
    at https://arvi.sanomapro.fi/main.c3c37d1981daa425b123.js:1:3768194
    at fn (eval at compile (https://arvi.sanomapro.fi/main.c3c37d1981daa425b123.js:1:1008937), <anonymous>:4:227)
    at https://arvi.sanomapro.fi/main.c3c37d1981daa425b123.js:1:990070
    at u.$digest (https://arvi.sanomapro.fi/main.c3c37d1981daa425b123.js:1:998074)
    at https://arvi.sanomapro.fi/main.c3c37d1981daa425b123.js:1:3297561
    at t.o [as _next] (https://arvi.sanomapro.fi/main.c3c37d1981daa425b123.js:1:716529)
    at t.__tryOrUnsub (https://arvi.sanomapro.fi/main.c3c37d1981daa425b123.js:1:868429)
    at t.next (https://arvi.sanomapro.fi/main.c3c37d1981daa425b123.js:1:867574)
    at t._next (https://arvi.sanomapro.fi/main.c3c37d1981daa425b123.js:1:866650) @ https://arvi.sanomapro.fi/main.c3c37d1981daa425b123.js:0
[   24352ms] [ERROR] Error: Parameter "key" required
    at e.instant (https://arvi.sanomapro.fi/main.c3c37d1981daa425b123.js:1:607532)
    at https://arvi.sanomapro.fi/main.c3c37d1981daa425b123.js:1:3768194
    at fn (eval at compile (https://arvi.sanomapro.fi/main.c3c37d1981daa425b123.js:1:1008937), <anonymous>:4:227)
    at https://arvi.sanomapro.fi/main.c3c37d1981daa425b123.js:1:990070
    at u.$digest (https://arvi.sanomapro.fi/main.c3c37d1981daa425b123.js:1:998074)
    at https://arvi.sanomapro.fi/main.c3c37d1981daa425b123.js:1:3297561
    at t.o [as _next] (https://arvi.sanomapro.fi/main.c3c37d1981daa425b123.js:1:716529)
    at t.__tryOrUnsub (https://arvi.sanomapro.fi/main.c3c37d1981daa425b123.js:1:868429)
    at t.next (https://arvi.sanomapro.fi/main.c3c37d1981daa425b123.js:1:867574)
    at t._next (https://arvi.sanomapro.fi/main.c3c37d1981daa425b123.js:1:866650) @ https://arvi.sanomapro.fi/main.c3c37d1981daa425b123.js:0
[   24365ms] [ERROR] Error: Parameter "key" required
    at e.instant (https://arvi.sanomapro.fi/main.c3c37d1981daa425b123.js:1:607532)
    at https://arvi.sanomapro.fi/main.c3c37d1981daa425b123.js:1:3768194
    at fn (eval at compile (https://arvi.sanomapro.fi/main.c3c37d1981daa425b123.js:1:1008937), <anonymous>:4:227)
    at https://arvi.sanomapro.fi/main.c3c37d1981daa425b123.js:1:990070
    at u.$digest (https://arvi.sanomapro.fi/main.c3c37d1981daa425b123.js:1:998074)
    at https://arvi.sanomapro.fi/main.c3c37d1981daa425b123.js:1:3297561
    at t.o [as _next] (https://arvi.sanomapro.fi/main.c3c37d1981daa425b123.js:1:716529)
    at t.__tryOrUnsub (https://arvi.sanomapro.fi/main.c3c37d1981daa425b123.js:1:868429)
    at t.next (https://arvi.sanomapro.fi/main.c3c37d1981daa425b123.js:1:867574)
    at t._next (https://arvi.sanomapro.fi/main.c3c37d1981daa425b123.js:1:866650) @ https://arvi.sanomapro.fi/main.c3c37d1981daa425b123.js:0
[   24368ms] [ERROR] Error: Parameter "key" required
    at e.instant (https://arvi.sanomapro.fi/main.c3c37d1981daa425b123.js:1:607532)
    at https://arvi.sanomapro.fi/main.c3c37d1981daa425b123.js:1:3768194
    at fn (eval at compile (https://arvi.sanomapro.fi/main.c3c37d1981daa425b123.js:1:1008937), <anonymous>:4:227)
    at https://arvi.sanomapro.fi/main.c3c37d1981daa425b123.js:1:990070
    at u.$digest (https://arvi.sanomapro.fi/main.c3c37d1981daa425b123.js:1:998074)
    at https://arvi.sanomapro.fi/main.c3c37d1981daa425b123.js:1:3297561
    at t.o [as _next] (https://arvi.sanomapro.fi/main.c3c37d1981daa425b123.js:1:716529)
    at t.__tryOrUnsub (https://arvi.sanomapro.fi/main.c3c37d1981daa425b123.js:1:868429)
    at t.next (https://arvi.sanomapro.fi/main.c3c37d1981daa425b123.js:1:867574)
    at t._next (https://arvi.sanomapro.fi/main.c3c37d1981daa425b123.js:1:866650) @ https://arvi.sanomapro.fi/main.c3c37d1981daa425b123.js:0
[   24382ms] [ERROR] Error: Parameter "key" required
    at e.instant (https://arvi.sanomapro.fi/main.c3c37d1981daa425b123.js:1:607532)
    at https://arvi.sanomapro.fi/main.c3c37d1981daa425b123.js:1:3768194
    at fn (eval at compile (https://arvi.sanomapro.fi/main.c3c37d1981daa425b123.js:1:1008937), <anonymous>:4:227)
    at https://arvi.sanomapro.fi/main.c3c37d1981daa425b123.js:1:990070
    at u.$digest (https://arvi.sanomapro.fi/main.c3c37d1981daa425b123.js:1:998074)
    at https://arvi.sanomapro.fi/main.c3c37d1981daa425b123.js:1:3297561
    at t.o [as _next] (https://arvi.sanomapro.fi/main.c3c37d1981daa425b123.js:1:716529)
    at t.__tryOrUnsub (https://arvi.sanomapro.fi/main.c3c37d1981daa425b123.js:1:868429)
    at t.next (https://arvi.sanomapro.fi/main.c3c37d1981daa425b123.js:1:867574)
    at t._next (https://arvi.sanomapro.fi/main.c3c37d1981daa425b123.js:1:866650) @ https://arvi.sanomapro.fi/main.c3c37d1981daa425b123.js:0
[   24385ms] [ERROR] Error: Parameter "key" required
    at e.instant (https://arvi.sanomapro.fi/main.c3c37d1981daa425b123.js:1:607532)
    at https://arvi.sanomapro.fi/main.c3c37d1981daa425b123.js:1:3768194
    at fn (eval at compile (https://arvi.sanomapro.fi/main.c3c37d1981daa425b123.js:1:1008937), <anonymous>:4:227)
    at https://arvi.sanomapro.fi/main.c3c37d1981daa425b123.js:1:990070
    at u.$digest (https://arvi.sanomapro.fi/main.c3c37d1981daa425b123.js:1:998074)
    at https://arvi.sanomapro.fi/main.c3c37d1981daa425b123.js:1:3297561
    at t.o [as _next] (https://arvi.sanomapro.fi/main.c3c37d1981daa425b123.js:1:716529)
    at t.__tryOrUnsub (https://arvi.sanomapro.fi/main.c3c37d1981daa425b123.js:1:868429)
    at t.next (https://arvi.sanomapro.fi/main.c3c37d1981daa425b123.js:1:867574)
    at t._next (https://arvi.sanomapro.fi/main.c3c37d1981daa425b123.js:1:866650) @ https://arvi.sanomapro.fi/main.c3c37d1981daa425b123.js:0
[   24398ms] [ERROR] Error: Parameter "key" required
    at e.instant (https://arvi.sanomapro.fi/main.c3c37d1981daa425b123.js:1:607532)
    at https://arvi.sanomapro.fi/main.c3c37d1981daa425b123.js:1:3768194
    at fn (eval at compile (https://arvi.sanomapro.fi/main.c3c37d1981daa425b123.js:1:1008937), <anonymous>:4:227)
    at https://arvi.sanomapro.fi/main.c3c37d1981daa425b123.js:1:990070
    at u.$digest (https://arvi.sanomapro.fi/main.c3c37d1981daa425b123.js:1:998074)
    at https://arvi.sanomapro.fi/main.c3c37d1981daa425b123.js:1:3297561
    at t.o [as _next] (https://arvi.sanomapro.fi/main.c3c37d1981daa425b123.js:1:716529)
    at t.__tryOrUnsub (https://arvi.sanomapro.fi/main.c3c37d1981daa425b123.js:1:868429)
    at t.next (https://arvi.sanomapro.fi/main.c3c37d1981daa425b123.js:1:867574)
    at t._next (https://arvi.sanomapro.fi/main.c3c37d1981daa425b123.js:1:866650) @ https://arvi.sanomapro.fi/main.c3c37d1981daa425b123.js:0
[   24402ms] [ERROR] Error: Parameter "key" required
    at e.instant (https://arvi.sanomapro.fi/main.c3c37d1981daa425b123.js:1:607532)
    at https://arvi.sanomapro.fi/main.c3c37d1981daa425b123.js:1:3768194
    at fn (eval at compile (https://arvi.sanomapro.fi/main.c3c37d1981daa425b123.js:1:1008937), <anonymous>:4:227)
    at https://arvi.sanomapro.fi/main.c3c37d1981daa425b123.js:1:990070
    at u.$digest (https://arvi.sanomapro.fi/main.c3c37d1981daa425b123.js:1:998074)
    at https://arvi.sanomapro.fi/main.c3c37d1981daa425b123.js:1:3297561
    at t.o [as _next] (https://arvi.sanomapro.fi/main.c3c37d1981daa425b123.js:1:716529)
    at t.__tryOrUnsub (https://arvi.sanomapro.fi/main.c3c37d1981daa425b123.js:1:868429)
    at t.next (https://arvi.sanomapro.fi/main.c3c37d1981daa425b123.js:1:867574)
    at t._next (https://arvi.sanomapro.fi/main.c3c37d1981daa425b123.js:1:866650) @ https://arvi.sanomapro.fi/main.c3c37d1981daa425b123.js:0
[   24415ms] [ERROR] Error: Parameter "key" required
    at e.instant (https://arvi.sanomapro.fi/main.c3c37d1981daa425b123.js:1:607532)
    at https://arvi.sanomapro.fi/main.c3c37d1981daa425b123.js:1:3768194
    at fn (eval at compile (https://arvi.sanomapro.fi/main.c3c37d1981daa425b123.js:1:1008937), <anonymous>:4:227)
    at https://arvi.sanomapro.fi/main.c3c37d1981daa425b123.js:1:990070
    at u.$digest (https://arvi.sanomapro.fi/main.c3c37d1981daa425b123.js:1:998074)
    at https://arvi.sanomapro.fi/main.c3c37d1981daa425b123.js:1:3297561
    at t.o [as _next] (https://arvi.sanomapro.fi/main.c3c37d1981daa425b123.js:1:716529)
    at t.__tryOrUnsub (https://arvi.sanomapro.fi/main.c3c37d1981daa425b123.js:1:868429)
    at t.next (https://arvi.sanomapro.fi/main.c3c37d1981daa425b123.js:1:867574)
    at t._next (https://arvi.sanomapro.fi/main.c3c37d1981daa425b123.js:1:866650) @ https://arvi.sanomapro.fi/main.c3c37d1981daa425b123.js:0
[   24465ms] [ERROR] Error: Parameter "key" required
    at e.instant (https://arvi.sanomapro.fi/main.c3c37d1981daa425b123.js:1:607532)
    at https://arvi.sanomapro.fi/main.c3c37d1981daa425b123.js:1:3768194
    at fn (eval at compile (https://arvi.sanomapro.fi/main.c3c37d1981daa425b123.js:1:1008937), <anonymous>:4:227)
    at https://arvi.sanomapro.fi/main.c3c37d1981daa425b123.js:1:990070
    at u.$digest (https://arvi.sanomapro.fi/main.c3c37d1981daa425b123.js:1:998074)
    at https://arvi.sanomapro.fi/main.c3c37d1981daa425b123.js:1:3297561
    at t.o [as _next] (https://arvi.sanomapro.fi/main.c3c37d1981daa425b123.js:1:716529)
    at t.__tryOrUnsub (https://arvi.sanomapro.fi/main.c3c37d1981daa425b123.js:1:868429)
    at t.next (https://arvi.sanomapro.fi/main.c3c37d1981daa425b123.js:1:867574)
    at t._next (https://arvi.sanomapro.fi/main.c3c37d1981daa425b123.js:1:866650) @ https://arvi.sanomapro.fi/main.c3c37d1981daa425b123.js:0
[   24470ms] [ERROR] Error: Parameter "key" required
    at e.instant (https://arvi.sanomapro.fi/main.c3c37d1981daa425b123.js:1:607532)
    at https://arvi.sanomapro.fi/main.c3c37d1981daa425b123.js:1:3768194
    at fn (eval at compile (https://arvi.sanomapro.fi/main.c3c37d1981daa425b123.js:1:1008937), <anonymous>:4:227)
    at https://arvi.sanomapro.fi/main.c3c37d1981daa425b123.js:1:990070
    at u.$digest (https://arvi.sanomapro.fi/main.c3c37d1981daa425b123.js:1:998074)
    at https://arvi.sanomapro.fi/main.c3c37d1981daa425b123.js:1:3297561
    at t.o [as _next] (https://arvi.sanomapro.fi/main.c3c37d1981daa425b123.js:1:716529)
    at t.__tryOrUnsub (https://arvi.sanomapro.fi/main.c3c37d1981daa425b123.js:1:868429)
    at t.next (https://arvi.sanomapro.fi/main.c3c37d1981daa425b123.js:1:867574)
    at t._next (https://arvi.sanomapro.fi/main.c3c37d1981daa425b123.js:1:866650) @ https://arvi.sanomapro.fi/main.c3c37d1981daa425b123.js:0
[   24482ms] [ERROR] Error: Parameter "key" required
    at e.instant (https://arvi.sanomapro.fi/main.c3c37d1981daa425b123.js:1:607532)
    at https://arvi.sanomapro.fi/main.c3c37d1981daa425b123.js:1:3768194
    at fn (eval at compile (https://arvi.sanomapro.fi/main.c3c37d1981daa425b123.js:1:1008937), <anonymous>:4:227)
    at https://arvi.sanomapro.fi/main.c3c37d1981daa425b123.js:1:990070
    at u.$digest (https://arvi.sanomapro.fi/main.c3c37d1981daa425b123.js:1:998074)
    at https://arvi.sanomapro.fi/main.c3c37d1981daa425b123.js:1:3297561
    at t.o [as _next] (https://arvi.sanomapro.fi/main.c3c37d1981daa425b123.js:1:716529)
    at t.__tryOrUnsub (https://arvi.sanomapro.fi/main.c3c37d1981daa425b123.js:1:868429)
    at t.next (https://arvi.sanomapro.fi/main.c3c37d1981daa425b123.js:1:867574)
    at t._next (https://arvi.sanomapro.fi/main.c3c37d1981daa425b123.js:1:866650) @ https://arvi.sanomapro.fi/main.c3c37d1981daa425b123.js:0
[   24486ms] [ERROR] Error: Parameter "key" required
    at e.instant (https://arvi.sanomapro.fi/main.c3c37d1981daa425b123.js:1:607532)
    at https://arvi.sanomapro.fi/main.c3c37d1981daa425b123.js:1:3768194
    at fn (eval at compile (https://arvi.sanomapro.fi/main.c3c37d1981daa425b123.js:1:1008937), <anonymous>:4:227)
    at https://arvi.sanomapro.fi/main.c3c37d1981daa425b123.js:1:990070
    at u.$digest (https://arvi.sanomapro.fi/main.c3c37d1981daa425b123.js:1:998074)
    at https://arvi.sanomapro.fi/main.c3c37d1981daa425b123.js:1:3297561
    at t.o [as _next] (https://arvi.sanomapro.fi/main.c3c37d1981daa425b123.js:1:716529)
    at t.__tryOrUnsub (https://arvi.sanomapro.fi/main.c3c37d1981daa425b123.js:1:868429)
    at t.next (https://arvi.sanomapro.fi/main.c3c37d1981daa425b123.js:1:867574)
    at t._next (https://arvi.sanomapro.fi/main.c3c37d1981daa425b123.js:1:866650) @ https://arvi.sanomapro.fi/main.c3c37d1981daa425b123.js:0
[   24498ms] [ERROR] Error: Parameter "key" required
    at e.instant (https://arvi.sanomapro.fi/main.c3c37d1981daa425b123.js:1:607532)
    at https://arvi.sanomapro.fi/main.c3c37d1981daa425b123.js:1:3768194
    at fn (eval at compile (https://arvi.sanomapro.fi/main.c3c37d1981daa425b123.js:1:1008937), <anonymous>:4:227)
    at https://arvi.sanomapro.fi/main.c3c37d1981daa425b123.js:1:990070
    at u.$digest (https://arvi.sanomapro.fi/main.c3c37d1981daa425b123.js:1:998074)
    at https://arvi.sanomapro.fi/main.c3c37d1981daa425b123.js:1:3297561
    at t.o [as _next] (https://arvi.sanomapro.fi/main.c3c37d1981daa425b123.js:1:716529)
    at t.__tryOrUnsub (https://arvi.sanomapro.fi/main.c3c37d1981daa425b123.js:1:868429)
    at t.next (https://arvi.sanomapro.fi/main.c3c37d1981daa425b123.js:1:867574)
    at t._next (https://arvi.sanomapro.fi/main.c3c37d1981daa425b123.js:1:866650) @ https://arvi.sanomapro.fi/main.c3c37d1981daa425b123.js:0
[   24502ms] [ERROR] Error: Parameter "key" required
    at e.instant (https://arvi.sanomapro.fi/main.c3c37d1981daa425b123.js:1:607532)
    at https://arvi.sanomapro.fi/main.c3c37d1981daa425b123.js:1:3768194
    at fn (eval at compile (https://arvi.sanomapro.fi/main.c3c37d1981daa425b123.js:1:1008937), <anonymous>:4:227)
    at https://arvi.sanomapro.fi/main.c3c37d1981daa425b123.js:1:990070
    at u.$digest (https://arvi.sanomapro.fi/main.c3c37d1981daa425b123.js:1:998074)
    at https://arvi.sanomapro.fi/main.c3c37d1981daa425b123.js:1:3297561
    at t.o [as _next] (https://arvi.sanomapro.fi/main.c3c37d1981daa425b123.js:1:716529)
    at t.__tryOrUnsub (https://arvi.sanomapro.fi/main.c3c37d1981daa425b123.js:1:868429)
    at t.next (https://arvi.sanomapro.fi/main.c3c37d1981daa425b123.js:1:867574)
    at t._next (https://arvi.sanomapro.fi/main.c3c37d1981daa425b123.js:1:866650) @ https://arvi.sanomapro.fi/main.c3c37d1981daa425b123.js:0
[   24515ms] [ERROR] Error: Parameter "key" required
    at e.instant (https://arvi.sanomapro.fi/main.c3c37d1981daa425b123.js:1:607532)
    at https://arvi.sanomapro.fi/main.c3c37d1981daa425b123.js:1:3768194
    at fn (eval at compile (https://arvi.sanomapro.fi/main.c3c37d1981daa425b123.js:1:1008937), <anonymous>:4:227)
    at https://arvi.sanomapro.fi/main.c3c37d1981daa425b123.js:1:990070
    at u.$digest (https://arvi.sanomapro.fi/main.c3c37d1981daa425b123.js:1:998074)
    at https://arvi.sanomapro.fi/main.c3c37d1981daa425b123.js:1:3297561
    at t.o [as _next] (https://arvi.sanomapro.fi/main.c3c37d1981daa425b123.js:1:716529)
    at t.__tryOrUnsub (https://arvi.sanomapro.fi/main.c3c37d1981daa425b123.js:1:868429)
    at t.next (https://arvi.sanomapro.fi/main.c3c37d1981daa425b123.js:1:867574)
    at t._next (https://arvi.sanomapro.fi/main.c3c37d1981daa425b123.js:1:866650) @ https://arvi.sanomapro.fi/main.c3c37d1981daa425b123.js:0
[   24519ms] [ERROR] Error: Parameter "key" required
    at e.instant (https://arvi.sanomapro.fi/main.c3c37d1981daa425b123.js:1:607532)
    at https://arvi.sanomapro.fi/main.c3c37d1981daa425b123.js:1:3768194
    at fn (eval at compile (https://arvi.sanomapro.fi/main.c3c37d1981daa425b123.js:1:1008937), <anonymous>:4:227)
    at https://arvi.sanomapro.fi/main.c3c37d1981daa425b123.js:1:990070
    at u.$digest (https://arvi.sanomapro.fi/main.c3c37d1981daa425b123.js:1:998074)
    at https://arvi.sanomapro.fi/main.c3c37d1981daa425b123.js:1:3297561
    at t.o [as _next] (https://arvi.sanomapro.fi/main.c3c37d1981daa425b123.js:1:716529)
    at t.__tryOrUnsub (https://arvi.sanomapro.fi/main.c3c37d1981daa425b123.js:1:868429)
    at t.next (https://arvi.sanomapro.fi/main.c3c37d1981daa425b123.js:1:867574)
    at t._next (https://arvi.sanomapro.fi/main.c3c37d1981daa425b123.js:1:866650) @ https://arvi.sanomapro.fi/main.c3c37d1981daa425b123.js:0
[   24532ms] [ERROR] Error: Parameter "key" required
    at e.instant (https://arvi.sanomapro.fi/main.c3c37d1981daa425b123.js:1:607532)
    at https://arvi.sanomapro.fi/main.c3c37d1981daa425b123.js:1:3768194
    at fn (eval at compile (https://arvi.sanomapro.fi/main.c3c37d1981daa425b123.js:1:1008937), <anonymous>:4:227)
    at https://arvi.sanomapro.fi/main.c3c37d1981daa425b123.js:1:990070
    at u.$digest (https://arvi.sanomapro.fi/main.c3c37d1981daa425b123.js:1:998074)
    at https://arvi.sanomapro.fi/main.c3c37d1981daa425b123.js:1:3297561
    at t.o [as _next] (https://arvi.sanomapro.fi/main.c3c37d1981daa425b123.js:1:716529)
    at t.__tryOrUnsub (https://arvi.sanomapro.fi/main.c3c37d1981daa425b123.js:1:868429)
    at t.next (https://arvi.sanomapro.fi/main.c3c37d1981daa425b123.js:1:867574)
    at t._next (https://arvi.sanomapro.fi/main.c3c37d1981daa425b123.js:1:866650) @ https://arvi.sanomapro.fi/main.c3c37d1981daa425b123.js:0
[   24535ms] [ERROR] Error: Parameter "key" required
    at e.instant (https://arvi.sanomapro.fi/main.c3c37d1981daa425b123.js:1:607532)
    at https://arvi.sanomapro.fi/main.c3c37d1981daa425b123.js:1:3768194
    at fn (eval at compile (https://arvi.sanomapro.fi/main.c3c37d1981daa425b123.js:1:1008937), <anonymous>:4:227)
    at https://arvi.sanomapro.fi/main.c3c37d1981daa425b123.js:1:990070
    at u.$digest (https://arvi.sanomapro.fi/main.c3c37d1981daa425b123.js:1:998074)
    at https://arvi.sanomapro.fi/main.c3c37d1981daa425b123.js:1:3297561
    at t.o [as _next] (https://arvi.sanomapro.fi/main.c3c37d1981daa425b123.js:1:716529)
    at t.__tryOrUnsub (https://arvi.sanomapro.fi/main.c3c37d1981daa425b123.js:1:868429)
    at t.next (https://arvi.sanomapro.fi/main.c3c37d1981daa425b123.js:1:867574)
    at t._next (https://arvi.sanomapro.fi/main.c3c37d1981daa425b123.js:1:866650) @ https://arvi.sanomapro.fi/main.c3c37d1981daa425b123.js:0
[   24548ms] [ERROR] Error: Parameter "key" required
    at e.instant (https://arvi.sanomapro.fi/main.c3c37d1981daa425b123.js:1:607532)
    at https://arvi.sanomapro.fi/main.c3c37d1981daa425b123.js:1:3768194
    at fn (eval at compile (https://arvi.sanomapro.fi/main.c3c37d1981daa425b123.js:1:1008937), <anonymous>:4:227)
    at https://arvi.sanomapro.fi/main.c3c37d1981daa425b123.js:1:990070
    at u.$digest (https://arvi.sanomapro.fi/main.c3c37d1981daa425b123.js:1:998074)
    at https://arvi.sanomapro.fi/main.c3c37d1981daa425b123.js:1:3297561
    at t.o [as _next] (https://arvi.sanomapro.fi/main.c3c37d1981daa425b123.js:1:716529)
    at t.__tryOrUnsub (https://arvi.sanomapro.fi/main.c3c37d1981daa425b123.js:1:868429)
    at t.next (https://arvi.sanomapro.fi/main.c3c37d1981daa425b123.js:1:867574)
    at t._next (https://arvi.sanomapro.fi/main.c3c37d1981daa425b123.js:1:866650) @ https://arvi.sanomapro.fi/main.c3c37d1981daa425b123.js:0
[   24552ms] [ERROR] Error: Parameter "key" required
    at e.instant (https://arvi.sanomapro.fi/main.c3c37d1981daa425b123.js:1:607532)
    at https://arvi.sanomapro.fi/main.c3c37d1981daa425b123.js:1:3768194
    at fn (eval at compile (https://arvi.sanomapro.fi/main.c3c37d1981daa425b123.js:1:1008937), <anonymous>:4:227)
    at https://arvi.sanomapro.fi/main.c3c37d1981daa425b123.js:1:990070
    at u.$digest (https://arvi.sanomapro.fi/main.c3c37d1981daa425b123.js:1:998074)
    at https://arvi.sanomapro.fi/main.c3c37d1981daa425b123.js:1:3297561
    at t.o [as _next] (https://arvi.sanomapro.fi/main.c3c37d1981daa425b123.js:1:716529)
    at t.__tryOrUnsub (https://arvi.sanomapro.fi/main.c3c37d1981daa425b123.js:1:868429)
    at t.next (https://arvi.sanomapro.fi/main.c3c37d1981daa425b123.js:1:867574)
    at t._next (https://arvi.sanomapro.fi/main.c3c37d1981daa425b123.js:1:866650) @ https://arvi.sanomapro.fi/main.c3c37d1981daa425b123.js:0
[   24565ms] [ERROR] Error: Parameter "key" required
    at e.instant (https://arvi.sanomapro.fi/main.c3c37d1981daa425b123.js:1:607532)
    at https://arvi.sanomapro.fi/main.c3c37d1981daa425b123.js:1:3768194
    at fn (eval at compile (https://arvi.sanomapro.fi/main.c3c37d1981daa425b123.js:1:1008937), <anonymous>:4:227)
    at https://arvi.sanomapro.fi/main.c3c37d1981daa425b123.js:1:990070
    at u.$digest (https://arvi.sanomapro.fi/main.c3c37d1981daa425b123.js:1:998074)
    at https://arvi.sanomapro.fi/main.c3c37d1981daa425b123.js:1:3297561
    at t.o [as _next] (https://arvi.sanomapro.fi/main.c3c37d1981daa425b123.js:1:716529)
    at t.__tryOrUnsub (https://arvi.sanomapro.fi/main.c3c37d1981daa425b123.js:1:868429)
    at t.next (https://arvi.sanomapro.fi/main.c3c37d1981daa425b123.js:1:867574)
    at t._next (https://arvi.sanomapro.fi/main.c3c37d1981daa425b123.js:1:866650) @ https://arvi.sanomapro.fi/main.c3c37d1981daa425b123.js:0
[   24569ms] [ERROR] Error: Parameter "key" required
    at e.instant (https://arvi.sanomapro.fi/main.c3c37d1981daa425b123.js:1:607532)
    at https://arvi.sanomapro.fi/main.c3c37d1981daa425b123.js:1:3768194
    at fn (eval at compile (https://arvi.sanomapro.fi/main.c3c37d1981daa425b123.js:1:1008937), <anonymous>:4:227)
    at https://arvi.sanomapro.fi/main.c3c37d1981daa425b123.js:1:990070
    at u.$digest (https://arvi.sanomapro.fi/main.c3c37d1981daa425b123.js:1:998074)
    at https://arvi.sanomapro.fi/main.c3c37d1981daa425b123.js:1:3297561
    at t.o [as _next] (https://arvi.sanomapro.fi/main.c3c37d1981daa425b123.js:1:716529)
    at t.__tryOrUnsub (https://arvi.sanomapro.fi/main.c3c37d1981daa425b123.js:1:868429)
    at t.next (https://arvi.sanomapro.fi/main.c3c37d1981daa425b123.js:1:867574)
    at t._next (https://arvi.sanomapro.fi/main.c3c37d1981daa425b123.js:1:866650) @ https://arvi.sanomapro.fi/main.c3c37d1981daa425b123.js:0
[   24582ms] [ERROR] Error: Parameter "key" required
    at e.instant (https://arvi.sanomapro.fi/main.c3c37d1981daa425b123.js:1:607532)
    at https://arvi.sanomapro.fi/main.c3c37d1981daa425b123.js:1:3768194
    at fn (eval at compile (https://arvi.sanomapro.fi/main.c3c37d1981daa425b123.js:1:1008937), <anonymous>:4:227)
    at https://arvi.sanomapro.fi/main.c3c37d1981daa425b123.js:1:990070
    at u.$digest (https://arvi.sanomapro.fi/main.c3c37d1981daa425b123.js:1:998074)
    at https://arvi.sanomapro.fi/main.c3c37d1981daa425b123.js:1:3297561
    at t.o [as _next] (https://arvi.sanomapro.fi/main.c3c37d1981daa425b123.js:1:716529)
    at t.__tryOrUnsub (https://arvi.sanomapro.fi/main.c3c37d1981daa425b123.js:1:868429)
    at t.next (https://arvi.sanomapro.fi/main.c3c37d1981daa425b123.js:1:867574)
    at t._next (https://arvi.sanomapro.fi/main.c3c37d1981daa425b123.js:1:866650) @ https://arvi.sanomapro.fi/main.c3c37d1981daa425b123.js:0
[   24585ms] [ERROR] Error: Parameter "key" required
    at e.instant (https://arvi.sanomapro.fi/main.c3c37d1981daa425b123.js:1:607532)
    at https://arvi.sanomapro.fi/main.c3c37d1981daa425b123.js:1:3768194
    at fn (eval at compile (https://arvi.sanomapro.fi/main.c3c37d1981daa425b123.js:1:1008937), <anonymous>:4:227)
    at https://arvi.sanomapro.fi/main.c3c37d1981daa425b123.js:1:990070
    at u.$digest (https://arvi.sanomapro.fi/main.c3c37d1981daa425b123.js:1:998074)
    at https://arvi.sanomapro.fi/main.c3c37d1981daa425b123.js:1:3297561
    at t.o [as _next] (https://arvi.sanomapro.fi/main.c3c37d1981daa425b123.js:1:716529)
    at t.__tryOrUnsub (https://arvi.sanomapro.fi/main.c3c37d1981daa425b123.js:1:868429)
    at t.next (https://arvi.sanomapro.fi/main.c3c37d1981daa425b123.js:1:867574)
    at t._next (https://arvi.sanomapro.fi/main.c3c37d1981daa425b123.js:1:866650) @ https://arvi.sanomapro.fi/main.c3c37d1981daa425b123.js:0
[   24599ms] [ERROR] Error: Parameter "key" required
    at e.instant (https://arvi.sanomapro.fi/main.c3c37d1981daa425b123.js:1:607532)
    at https://arvi.sanomapro.fi/main.c3c37d1981daa425b123.js:1:3768194
    at fn (eval at compile (https://arvi.sanomapro.fi/main.c3c37d1981daa425b123.js:1:1008937), <anonymous>:4:227)
    at https://arvi.sanomapro.fi/main.c3c37d1981daa425b123.js:1:990070
    at u.$digest (https://arvi.sanomapro.fi/main.c3c37d1981daa425b123.js:1:998074)
    at https://arvi.sanomapro.fi/main.c3c37d1981daa425b123.js:1:3297561
    at t.o [as _next] (https://arvi.sanomapro.fi/main.c3c37d1981daa425b123.js:1:716529)
    at t.__tryOrUnsub (https://arvi.sanomapro.fi/main.c3c37d1981daa425b123.js:1:868429)
    at t.next (https://arvi.sanomapro.fi/main.c3c37d1981daa425b123.js:1:867574)
    at t._next (https://arvi.sanomapro.fi/main.c3c37d1981daa425b123.js:1:866650) @ https://arvi.sanomapro.fi/main.c3c37d1981daa425b123.js:0
[   24615ms] [ERROR] Error: Parameter "key" required
    at e.instant (https://arvi.sanomapro.fi/main.c3c37d1981daa425b123.js:1:607532)
    at https://arvi.sanomapro.fi/main.c3c37d1981daa425b123.js:1:3768194
    at fn (eval at compile (https://arvi.sanomapro.fi/main.c3c37d1981daa425b123.js:1:1008937), <anonymous>:4:227)
    at https://arvi.sanomapro.fi/main.c3c37d1981daa425b123.js:1:990070
    at u.$digest (https://arvi.sanomapro.fi/main.c3c37d1981daa425b123.js:1:998074)
    at https://arvi.sanomapro.fi/main.c3c37d1981daa425b123.js:1:3297561
    at t.o [as _next] (https://arvi.sanomapro.fi/main.c3c37d1981daa425b123.js:1:716529)
    at t.__tryOrUnsub (https://arvi.sanomapro.fi/main.c3c37d1981daa425b123.js:1:868429)
    at t.next (https://arvi.sanomapro.fi/main.c3c37d1981daa425b123.js:1:867574)
    at t._next (https://arvi.sanomapro.fi/main.c3c37d1981daa425b123.js:1:866650) @ https://arvi.sanomapro.fi/main.c3c37d1981daa425b123.js:0
[   24632ms] [ERROR] Error: Parameter "key" required
    at e.instant (https://arvi.sanomapro.fi/main.c3c37d1981daa425b123.js:1:607532)
    at https://arvi.sanomapro.fi/main.c3c37d1981daa425b123.js:1:3768194
    at fn (eval at compile (https://arvi.sanomapro.fi/main.c3c37d1981daa425b123.js:1:1008937), <anonymous>:4:227)
    at https://arvi.sanomapro.fi/main.c3c37d1981daa425b123.js:1:990070
    at u.$digest (https://arvi.sanomapro.fi/main.c3c37d1981daa425b123.js:1:998074)
    at https://arvi.sanomapro.fi/main.c3c37d1981daa425b123.js:1:3297561
    at t.o [as _next] (https://arvi.sanomapro.fi/main.c3c37d1981daa425b123.js:1:716529)
    at t.__tryOrUnsub (https://arvi.sanomapro.fi/main.c3c37d1981daa425b123.js:1:868429)
    at t.next (https://arvi.sanomapro.fi/main.c3c37d1981daa425b123.js:1:867574)
    at t._next (https://arvi.sanomapro.fi/main.c3c37d1981daa425b123.js:1:866650) @ https://arvi.sanomapro.fi/main.c3c37d1981daa425b123.js:0
[   24649ms] [ERROR] Error: Parameter "key" required
    at e.instant (https://arvi.sanomapro.fi/main.c3c37d1981daa425b123.js:1:607532)
    at https://arvi.sanomapro.fi/main.c3c37d1981daa425b123.js:1:3768194
    at fn (eval at compile (https://arvi.sanomapro.fi/main.c3c37d1981daa425b123.js:1:1008937), <anonymous>:4:227)
    at https://arvi.sanomapro.fi/main.c3c37d1981daa425b123.js:1:990070
    at u.$digest (https://arvi.sanomapro.fi/main.c3c37d1981daa425b123.js:1:998074)
    at https://arvi.sanomapro.fi/main.c3c37d1981daa425b123.js:1:3297561
    at t.o [as _next] (https://arvi.sanomapro.fi/main.c3c37d1981daa425b123.js:1:716529)
    at t.__tryOrUnsub (https://arvi.sanomapro.fi/main.c3c37d1981daa425b123.js:1:868429)
    at t.next (https://arvi.sanomapro.fi/main.c3c37d1981daa425b123.js:1:867574)
    at t._next (https://arvi.sanomapro.fi/main.c3c37d1981daa425b123.js:1:866650) @ https://arvi.sanomapro.fi/main.c3c37d1981daa425b123.js:0
[   24665ms] [ERROR] Error: Parameter "key" required
    at e.instant (https://arvi.sanomapro.fi/main.c3c37d1981daa425b123.js:1:607532)
    at https://arvi.sanomapro.fi/main.c3c37d1981daa425b123.js:1:3768194
    at fn (eval at compile (https://arvi.sanomapro.fi/main.c3c37d1981daa425b123.js:1:1008937), <anonymous>:4:227)
    at https://arvi.sanomapro.fi/main.c3c37d1981daa425b123.js:1:990070
    at u.$digest (https://arvi.sanomapro.fi/main.c3c37d1981daa425b123.js:1:998074)
    at https://arvi.sanomapro.fi/main.c3c37d1981daa425b123.js:1:3297561
    at t.o [as _next] (https://arvi.sanomapro.fi/main.c3c37d1981daa425b123.js:1:716529)
    at t.__tryOrUnsub (https://arvi.sanomapro.fi/main.c3c37d1981daa425b123.js:1:868429)
    at t.next (https://arvi.sanomapro.fi/main.c3c37d1981daa425b123.js:1:867574)
    at t._next (https://arvi.sanomapro.fi/main.c3c37d1981daa425b123.js:1:866650) @ https://arvi.sanomapro.fi/main.c3c37d1981daa425b123.js:0
[   24715ms] [ERROR] Error: Parameter "key" required
    at e.instant (https://arvi.sanomapro.fi/main.c3c37d1981daa425b123.js:1:607532)
    at https://arvi.sanomapro.fi/main.c3c37d1981daa425b123.js:1:3768194
    at fn (eval at compile (https://arvi.sanomapro.fi/main.c3c37d1981daa425b123.js:1:1008937), <anonymous>:4:227)
    at https://arvi.sanomapro.fi/main.c3c37d1981daa425b123.js:1:990070
    at u.$digest (https://arvi.sanomapro.fi/main.c3c37d1981daa425b123.js:1:998074)
    at https://arvi.sanomapro.fi/main.c3c37d1981daa425b123.js:1:3297561
    at t.o [as _next] (https://arvi.sanomapro.fi/main.c3c37d1981daa425b123.js:1:716529)
    at t.__tryOrUnsub (https://arvi.sanomapro.fi/main.c3c37d1981daa425b123.js:1:868429)
    at t.next (https://arvi.sanomapro.fi/main.c3c37d1981daa425b123.js:1:867574)
    at t._next (https://arvi.sanomapro.fi/main.c3c37d1981daa425b123.js:1:866650) @ https://arvi.sanomapro.fi/main.c3c37d1981daa425b123.js:0
[   24732ms] [ERROR] Error: Parameter "key" required
    at e.instant (https://arvi.sanomapro.fi/main.c3c37d1981daa425b123.js:1:607532)
    at https://arvi.sanomapro.fi/main.c3c37d1981daa425b123.js:1:3768194
    at fn (eval at compile (https://arvi.sanomapro.fi/main.c3c37d1981daa425b123.js:1:1008937), <anonymous>:4:227)
    at https://arvi.sanomapro.fi/main.c3c37d1981daa425b123.js:1:990070
    at u.$digest (https://arvi.sanomapro.fi/main.c3c37d1981daa425b123.js:1:998074)
    at https://arvi.sanomapro.fi/main.c3c37d1981daa425b123.js:1:3297561
    at t.o [as _next] (https://arvi.sanomapro.fi/main.c3c37d1981daa425b123.js:1:716529)
    at t.__tryOrUnsub (https://arvi.sanomapro.fi/main.c3c37d1981daa425b123.js:1:868429)
    at t.next (https://arvi.sanomapro.fi/main.c3c37d1981daa425b123.js:1:867574)
    at t._next (https://arvi.sanomapro.fi/main.c3c37d1981daa425b123.js:1:866650) @ https://arvi.sanomapro.fi/main.c3c37d1981daa425b123.js:0
[   24749ms] [ERROR] Error: Parameter "key" required
    at e.instant (https://arvi.sanomapro.fi/main.c3c37d1981daa425b123.js:1:607532)
    at https://arvi.sanomapro.fi/main.c3c37d1981daa425b123.js:1:3768194
    at fn (eval at compile (https://arvi.sanomapro.fi/main.c3c37d1981daa425b123.js:1:1008937), <anonymous>:4:227)
    at https://arvi.sanomapro.fi/main.c3c37d1981daa425b123.js:1:990070
    at u.$digest (https://arvi.sanomapro.fi/main.c3c37d1981daa425b123.js:1:998074)
    at https://arvi.sanomapro.fi/main.c3c37d1981daa425b123.js:1:3297561
    at t.o [as _next] (https://arvi.sanomapro.fi/main.c3c37d1981daa425b123.js:1:716529)
    at t.__tryOrUnsub (https://arvi.sanomapro.fi/main.c3c37d1981daa425b123.js:1:868429)
    at t.next (https://arvi.sanomapro.fi/main.c3c37d1981daa425b123.js:1:867574)
    at t._next (https://arvi.sanomapro.fi/main.c3c37d1981daa425b123.js:1:866650) @ https://arvi.sanomapro.fi/main.c3c37d1981daa425b123.js:0
[   24767ms] [ERROR] Error: Parameter "key" required
    at e.instant (https://arvi.sanomapro.fi/main.c3c37d1981daa425b123.js:1:607532)
    at https://arvi.sanomapro.fi/main.c3c37d1981daa425b123.js:1:3768194
    at fn (eval at compile (https://arvi.sanomapro.fi/main.c3c37d1981daa425b123.js:1:1008937), <anonymous>:4:227)
    at https://arvi.sanomapro.fi/main.c3c37d1981daa425b123.js:1:990070
    at u.$digest (https://arvi.sanomapro.fi/main.c3c37d1981daa425b123.js:1:998074)
    at https://arvi.sanomapro.fi/main.c3c37d1981daa425b123.js:1:3297561
    at t.o [as _next] (https://arvi.sanomapro.fi/main.c3c37d1981daa425b123.js:1:716529)
    at t.__tryOrUnsub (https://arvi.sanomapro.fi/main.c3c37d1981daa425b123.js:1:868429)
    at t.next (https://arvi.sanomapro.fi/main.c3c37d1981daa425b123.js:1:867574)
    at t._next (https://arvi.sanomapro.fi/main.c3c37d1981daa425b123.js:1:866650) @ https://arvi.sanomapro.fi/main.c3c37d1981daa425b123.js:0
[   24783ms] [ERROR] Error: Parameter "key" required
    at e.instant (https://arvi.sanomapro.fi/main.c3c37d1981daa425b123.js:1:607532)
    at https://arvi.sanomapro.fi/main.c3c37d1981daa425b123.js:1:3768194
    at fn (eval at compile (https://arvi.sanomapro.fi/main.c3c37d1981daa425b123.js:1:1008937), <anonymous>:4:227)
    at https://arvi.sanomapro.fi/main.c3c37d1981daa425b123.js:1:990070
    at u.$digest (https://arvi.sanomapro.fi/main.c3c37d1981daa425b123.js:1:998074)
    at https://arvi.sanomapro.fi/main.c3c37d1981daa425b123.js:1:3297561
    at t.o [as _next] (https://arvi.sanomapro.fi/main.c3c37d1981daa425b123.js:1:716529)
    at t.__tryOrUnsub (https://arvi.sanomapro.fi/main.c3c37d1981daa425b123.js:1:868429)
    at t.next (https://arvi.sanomapro.fi/main.c3c37d1981daa425b123.js:1:867574)
    at t._next (https://arvi.sanomapro.fi/main.c3c37d1981daa425b123.js:1:866650) @ https://arvi.sanomapro.fi/main.c3c37d1981daa425b123.js:0
[   24800ms] [ERROR] Error: Parameter "key" required
    at e.instant (https://arvi.sanomapro.fi/main.c3c37d1981daa425b123.js:1:607532)
    at https://arvi.sanomapro.fi/main.c3c37d1981daa425b123.js:1:3768194
    at fn (eval at compile (https://arvi.sanomapro.fi/main.c3c37d1981daa425b123.js:1:1008937), <anonymous>:4:227)
    at https://arvi.sanomapro.fi/main.c3c37d1981daa425b123.js:1:990070
    at u.$digest (https://arvi.sanomapro.fi/main.c3c37d1981daa425b123.js:1:998074)
    at https://arvi.sanomapro.fi/main.c3c37d1981daa425b123.js:1:3297561
    at t.o [as _next] (https://arvi.sanomapro.fi/main.c3c37d1981daa425b123.js:1:716529)
    at t.__tryOrUnsub (https://arvi.sanomapro.fi/main.c3c37d1981daa425b123.js:1:868429)
    at t.next (https://arvi.sanomapro.fi/main.c3c37d1981daa425b123.js:1:867574)
    at t._next (https://arvi.sanomapro.fi/main.c3c37d1981daa425b123.js:1:866650) @ https://arvi.sanomapro.fi/main.c3c37d1981daa425b123.js:0
[   24816ms] [ERROR] Error: Parameter "key" required
    at e.instant (https://arvi.sanomapro.fi/main.c3c37d1981daa425b123.js:1:607532)
    at https://arvi.sanomapro.fi/main.c3c37d1981daa425b123.js:1:3768194
    at fn (eval at compile (https://arvi.sanomapro.fi/main.c3c37d1981daa425b123.js:1:1008937), <anonymous>:4:227)
    at https://arvi.sanomapro.fi/main.c3c37d1981daa425b123.js:1:990070
    at u.$digest (https://arvi.sanomapro.fi/main.c3c37d1981daa425b123.js:1:998074)
    at https://arvi.sanomapro.fi/main.c3c37d1981daa425b123.js:1:3297561
    at t.o [as _next] (https://arvi.sanomapro.fi/main.c3c37d1981daa425b123.js:1:716529)
    at t.__tryOrUnsub (https://arvi.sanomapro.fi/main.c3c37d1981daa425b123.js:1:868429)
    at t.next (https://arvi.sanomapro.fi/main.c3c37d1981daa425b123.js:1:867574)
    at t._next (https://arvi.sanomapro.fi/main.c3c37d1981daa425b123.js:1:866650) @ https://arvi.sanomapro.fi/main.c3c37d1981daa425b123.js:0
[   24833ms] [ERROR] Error: Parameter "key" required
    at e.instant (https://arvi.sanomapro.fi/main.c3c37d1981daa425b123.js:1:607532)
    at https://arvi.sanomapro.fi/main.c3c37d1981daa425b123.js:1:3768194
    at fn (eval at compile (https://arvi.sanomapro.fi/main.c3c37d1981daa425b123.js:1:1008937), <anonymous>:4:227)
    at https://arvi.sanomapro.fi/main.c3c37d1981daa425b123.js:1:990070
    at u.$digest (https://arvi.sanomapro.fi/main.c3c37d1981daa425b123.js:1:998074)
    at https://arvi.sanomapro.fi/main.c3c37d1981daa425b123.js:1:3297561
    at t.o [as _next] (https://arvi.sanomapro.fi/main.c3c37d1981daa425b123.js:1:716529)
    at t.__tryOrUnsub (https://arvi.sanomapro.fi/main.c3c37d1981daa425b123.js:1:868429)
    at t.next (https://arvi.sanomapro.fi/main.c3c37d1981daa425b123.js:1:867574)
    at t._next (https://arvi.sanomapro.fi/main.c3c37d1981daa425b123.js:1:866650) @ https://arvi.sanomapro.fi/main.c3c37d1981daa425b123.js:0
[   25992ms] [WARNING] The resource https://www.wiris.net/demo/editor/resources/fonts/stix_symbols.otf?v=7.25.3.2833a2 was preloaded using link preload but not used within a few seconds from the window's load event. Please make sure it has an appropriate `as` value and it is preloaded intentionally. @ https://arvi.sanomapro.fi/as/teacher/assignment/87e34a92-c2c2-4ade-822d-dd0ae1550acf/review:0
[   25992ms] [WARNING] The resource https://www.wiris.net/demo/editor/resources/fonts/stix_italic_rest.otf?v=7.25.3.2833a2 was preloaded using link preload but not used within a few seconds from the window's load event. Please make sure it has an appropriate `as` value and it is preloaded intentionally. @ https://arvi.sanomapro.fi/as/teacher/assignment/87e34a92-c2c2-4ade-822d-dd0ae1550acf/review:0
[   25992ms] [WARNING] The resource https://www.wiris.net/demo/editor/resources/fonts/stix_regular_letters_numbers.otf?v=7.25.3.2833a2 was preloaded using link preload but not used within a few seconds from the window's load event. Please make sure it has an appropriate `as` value and it is preloaded intentionally. @ https://arvi.sanomapro.fi/as/teacher/assignment/87e34a92-c2c2-4ade-822d-dd0ae1550acf/review:0
[   25992ms] [WARNING] The resource https://www.wiris.net/demo/editor/resources/fonts/stix_italic_letters.otf?v=7.25.3.2833a2 was preloaded using link preload but not used within a few seconds from the window's load event. Please make sure it has an appropriate `as` value and it is preloaded intentionally. @ https://arvi.sanomapro.fi/as/teacher/assignment/87e34a92-c2c2-4ade-822d-dd0ae1550acf/review:0
[  575327ms] [ERROR] Error: Parameter "key" required
    at e.instant (https://arvi.sanomapro.fi/main.c3c37d1981daa425b123.js:1:607532)
    at https://arvi.sanomapro.fi/main.c3c37d1981daa425b123.js:1:3768194
    at fn (eval at compile (https://arvi.sanomapro.fi/main.c3c37d1981daa425b123.js:1:1008937), <anonymous>:4:227)
    at https://arvi.sanomapro.fi/main.c3c37d1981daa425b123.js:1:990070
    at u.$digest (https://arvi.sanomapro.fi/main.c3c37d1981daa425b123.js:1:998074)
    at u.$apply (https://arvi.sanomapro.fi/main.c3c37d1981daa425b123.js:1:1000057)
    at HTMLHeadingElement.<anonymous> (https://arvi.sanomapro.fi/main.c3c37d1981daa425b123.js:1:1054391)
    at HTMLHeadingElement.handle (https://arvi.sanomapro.fi/scripts.c29bf1cc57799dd52532.js:1:45825)
    at HTMLHeadingElement.dispatch (https://arvi.sanomapro.fi/scripts.c29bf1cc57799dd52532.js:1:42251)
    at g.handle (https://arvi.sanomapro.fi/scripts.c29bf1cc57799dd52532.js:1:40265) @ https://arvi.sanomapro.fi/main.c3c37d1981daa425b123.js:0
[  575330ms] [ERROR] Error: Parameter "key" required
    at e.instant (https://arvi.sanomapro.fi/main.c3c37d1981daa425b123.js:1:607532)
    at https://arvi.sanomapro.fi/main.c3c37d1981daa425b123.js:1:3768194
    at fn (eval at compile (https://arvi.sanomapro.fi/main.c3c37d1981daa425b123.js:1:1008937), <anonymous>:4:227)
    at https://arvi.sanomapro.fi/main.c3c37d1981daa425b123.js:1:990070
    at u.$digest (https://arvi.sanomapro.fi/main.c3c37d1981daa425b123.js:1:998074)
    at https://arvi.sanomapro.fi/main.c3c37d1981daa425b123.js:1:3297561
    at t.o [as _next] (https://arvi.sanomapro.fi/main.c3c37d1981daa425b123.js:1:716529)
    at t.__tryOrUnsub (https://arvi.sanomapro.fi/main.c3c37d1981daa425b123.js:1:868429)
    at t.next (https://arvi.sanomapro.fi/main.c3c37d1981daa425b123.js:1:867574)
    at t._next (https://arvi.sanomapro.fi/main.c3c37d1981daa425b123.js:1:866650) @ https://arvi.sanomapro.fi/main.c3c37d1981daa425b123.js:0
[  575335ms] [ERROR] Error: Parameter "key" required
    at e.instant (https://arvi.sanomapro.fi/main.c3c37d1981daa425b123.js:1:607532)
    at https://arvi.sanomapro.fi/main.c3c37d1981daa425b123.js:1:3768194
    at fn (eval at compile (https://arvi.sanomapro.fi/main.c3c37d1981daa425b123.js:1:1008937), <anonymous>:4:227)
    at https://arvi.sanomapro.fi/main.c3c37d1981daa425b123.js:1:990070
    at u.$digest (https://arvi.sanomapro.fi/main.c3c37d1981daa425b123.js:1:998074)
    at u.$apply (https://arvi.sanomapro.fi/main.c3c37d1981daa425b123.js:1:1000057)
    at HTMLHeadingElement.<anonymous> (https://arvi.sanomapro.fi/main.c3c37d1981daa425b123.js:1:1054391)
    at HTMLHeadingElement.handle (https://arvi.sanomapro.fi/scripts.c29bf1cc57799dd52532.js:1:45825)
    at HTMLHeadingElement.dispatch (https://arvi.sanomapro.fi/scripts.c29bf1cc57799dd52532.js:1:42251)
    at g.handle (https://arvi.sanomapro.fi/scripts.c29bf1cc57799dd52532.js:1:40265) @ https://arvi.sanomapro.fi/main.c3c37d1981daa425b123.js:0
[  575338ms] [ERROR] Error: Parameter "key" required
    at e.instant (https://arvi.sanomapro.fi/main.c3c37d1981daa425b123.js:1:607532)
    at https://arvi.sanomapro.fi/main.c3c37d1981daa425b123.js:1:3768194
    at fn (eval at compile (https://arvi.sanomapro.fi/main.c3c37d1981daa425b123.js:1:1008937), <anonymous>:4:227)
    at https://arvi.sanomapro.fi/main.c3c37d1981daa425b123.js:1:990070
    at u.$digest (https://arvi.sanomapro.fi/main.c3c37d1981daa425b123.js:1:998074)
    at https://arvi.sanomapro.fi/main.c3c37d1981daa425b123.js:1:3297561
    at t.o [as _next] (https://arvi.sanomapro.fi/main.c3c37d1981daa425b123.js:1:716529)
    at t.__tryOrUnsub (https://arvi.sanomapro.fi/main.c3c37d1981daa425b123.js:1:868429)
    at t.next (https://arvi.sanomapro.fi/main.c3c37d1981daa425b123.js:1:867574)
    at t._next (https://arvi.sanomapro.fi/main.c3c37d1981daa425b123.js:1:866650) @ https://arvi.sanomapro.fi/main.c3c37d1981daa425b123.js:0
[  577569ms] [ERROR] Error: Parameter "key" required
    at e.instant (https://arvi.sanomapro.fi/main.c3c37d1981daa425b123.js:1:607532)
    at https://arvi.sanomapro.fi/main.c3c37d1981daa425b123.js:1:3768194
    at fn (eval at compile (https://arvi.sanomapro.fi/main.c3c37d1981daa425b123.js:1:1008937), <anonymous>:4:227)
    at https://arvi.sanomapro.fi/main.c3c37d1981daa425b123.js:1:990070
    at u.$digest (https://arvi.sanomapro.fi/main.c3c37d1981daa425b123.js:1:998074)
    at https://arvi.sanomapro.fi/main.c3c37d1981daa425b123.js:1:3297561
    at t.o [as _next] (https://arvi.sanomapro.fi/main.c3c37d1981daa425b123.js:1:716529)
    at t.__tryOrUnsub (https://arvi.sanomapro.fi/main.c3c37d1981daa425b123.js:1:868429)
    at t.next (https://arvi.sanomapro.fi/main.c3c37d1981daa425b123.js:1:867574)
    at t._next (https://arvi.sanomapro.fi/main.c3c37d1981daa425b123.js:1:866650) @ https://arvi.sanomapro.fi/main.c3c37d1981daa425b123.js:0
