[     237ms] [ERROR] Access to fetch at 'https://sentry.kampusprod.sanomapro.fi/api/2/envelope/?sentry_key=816386c61f29418db9ae3d7cb41b7b4b&sentry_version=7&sentry_client=sentry.javascript.angular-ivy%2F7.120.4' from origin 'https://kampus.sanomapro.fi' has been blocked by CORS policy: No 'Access-Control-Allow-Origin' header is present on the requested resource. @ https://kampus.sanomapro.fi/lti/59eabd9a-aefa-4ee6-b5c9-8e5df7698662?tool=TEAS&feedName=Katjas%20grupp%20RUB12.10:0
[     237ms] [ERROR] Failed to load resource: net::ERR_FAILED @ https://sentry.kampusprod.sanomapro.fi/api/2/envelope/?sentry_key=816386c61f29418db9ae3d7cb41b7b4b&sentry_version=7&sentry_client=sentry.javascript.angular-ivy%2F7.120.4:0
[    1836ms] [LOG] Google analytics is not set up due to missing analytics code @ https://arvi.sanomapro.fi/main.c3c37d1981daa425b123.js:0
[    5052ms] [WARNING] The resource https://www.wiris.net/demo/editor/resources/fonts/stix_symbols.otf?v=7.25.3.2833a2 was preloaded using link preload but not used within a few seconds from the window's load event. Please make sure it has an appropriate `as` value and it is preloaded intentionally. @ https://arvi.sanomapro.fi/as/teacher:0
[    5052ms] [WARNING] The resource https://www.wiris.net/demo/editor/resources/fonts/stix_italic_rest.otf?v=7.25.3.2833a2 was preloaded using link preload but not used within a few seconds from the window's load event. Please make sure it has an appropriate `as` value and it is preloaded intentionally. @ https://arvi.sanomapro.fi/as/teacher:0
[    5052ms] [WARNING] The resource https://www.wiris.net/demo/editor/resources/fonts/stix_regular_letters_numbers.otf?v=7.25.3.2833a2 was preloaded using link preload but not used within a few seconds from the window's load event. Please make sure it has an appropriate `as` value and it is preloaded intentionally. @ https://arvi.sanomapro.fi/as/teacher:0
[    5052ms] [WARNING] The resource https://www.wiris.net/demo/editor/resources/fonts/stix_italic_letters.otf?v=7.25.3.2833a2 was preloaded using link preload but not used within a few seconds from the window's load event. Please make sure it has an appropriate `as` value and it is preloaded intentionally. @ https://arvi.sanomapro.fi/as/teacher:0
[   22452ms] [WARNING] The resource https://www.wiris.net/demo/editor/resources/fonts/stix_symbols.otf?v=7.25.3.2833a2 was preloaded using link preload but not used within a few seconds from the window's load event. Please make sure it has an appropriate `as` value and it is preloaded intentionally. @ https://arvi.sanomapro.fi/as/teacher/assignments:0
[   22452ms] [WARNING] The resource https://www.wiris.net/demo/editor/resources/fonts/stix_italic_rest.otf?v=7.25.3.2833a2 was preloaded using link preload but not used within a few seconds from the window's load event. Please make sure it has an appropriate `as` value and it is preloaded intentionally. @ https://arvi.sanomapro.fi/as/teacher/assignments:0
[   22452ms] [WARNING] The resource https://www.wiris.net/demo/editor/resources/fonts/stix_regular_letters_numbers.otf?v=7.25.3.2833a2 was preloaded using link preload but not used within a few seconds from the window's load event. Please make sure it has an appropriate `as` value and it is preloaded intentionally. @ https://arvi.sanomapro.fi/as/teacher/assignments:0
[   22452ms] [WARNING] The resource https://www.wiris.net/demo/editor/resources/fonts/stix_italic_letters.otf?v=7.25.3.2833a2 was preloaded using link preload but not used within a few seconds from the window's load event. Please make sure it has an appropriate `as` value and it is preloaded intentionally. @ https://arvi.sanomapro.fi/as/teacher/assignments:0
[  555757ms] [WARNING] The resource https://www.wiris.net/demo/editor/resources/fonts/stix_symbols.otf?v=7.25.3.2833a2 was preloaded using link preload but not used within a few seconds from the window's load event. Please make sure it has an appropriate `as` value and it is preloaded intentionally. @ https://arvi.sanomapro.fi/as/teacher/assignments:0
[  555757ms] [WARNING] The resource https://www.wiris.net/demo/editor/resources/fonts/stix_italic_rest.otf?v=7.25.3.2833a2 was preloaded using link preload but not used within a few seconds from the window's load event. Please make sure it has an appropriate `as` value and it is preloaded intentionally. @ https://arvi.sanomapro.fi/as/teacher/assignments:0
[  555757ms] [WARNING] The resource https://www.wiris.net/demo/editor/resources/fonts/stix_regular_letters_numbers.otf?v=7.25.3.2833a2 was preloaded using link preload but not used within a few seconds from the window's load event. Please make sure it has an appropriate `as` value and it is preloaded intentionally. @ https://arvi.sanomapro.fi/as/teacher/assignments:0
[  555757ms] [WARNING] The resource https://www.wiris.net/demo/editor/resources/fonts/stix_italic_letters.otf?v=7.25.3.2833a2 was preloaded using link preload but not used within a few seconds from the window's load event. Please make sure it has an appropriate `as` value and it is preloaded intentionally. @ https://arvi.sanomapro.fi/as/teacher/assignments:0
[  567513ms] [WARNING] The resource https://www.wiris.net/demo/editor/resources/fonts/stix_symbols.otf?v=7.25.3.2833a2 was preloaded using link preload but not used within a few seconds from the window's load event. Please make sure it has an appropriate `as` value and it is preloaded intentionally. @ https://arvi.sanomapro.fi/as/teacher/assignments:0
[  567513ms] [WARNING] The resource https://www.wiris.net/demo/editor/resources/fonts/stix_italic_rest.otf?v=7.25.3.2833a2 was preloaded using link preload but not used within a few seconds from the window's load event. Please make sure it has an appropriate `as` value and it is preloaded intentionally. @ https://arvi.sanomapro.fi/as/teacher/assignments:0
[  567513ms] [WARNING] The resource https://www.wiris.net/demo/editor/resources/fonts/stix_regular_letters_numbers.otf?v=7.25.3.2833a2 was preloaded using link preload but not used within a few seconds from the window's load event. Please make sure it has an appropriate `as` value and it is preloaded intentionally. @ https://arvi.sanomapro.fi/as/teacher/assignments:0
[  567513ms] [WARNING] The resource https://www.wiris.net/demo/editor/resources/fonts/stix_italic_letters.otf?v=7.25.3.2833a2 was preloaded using link preload but not used within a few seconds from the window's load event. Please make sure it has an appropriate `as` value and it is preloaded intentionally. @ https://arvi.sanomapro.fi/as/teacher/assignments:0
[  648978ms] [WARNING] The resource https://www.wiris.net/demo/editor/resources/fonts/stix_symbols.otf?v=7.25.3.2833a2 was preloaded using link preload but not used within a few seconds from the window's load event. Please make sure it has an appropriate `as` value and it is preloaded intentionally. @ https://arvi.sanomapro.fi/as/teacher/assignments:0
[  648978ms] [WARNING] The resource https://www.wiris.net/demo/editor/resources/fonts/stix_italic_rest.otf?v=7.25.3.2833a2 was preloaded using link preload but not used within a few seconds from the window's load event. Please make sure it has an appropriate `as` value and it is preloaded intentionally. @ https://arvi.sanomapro.fi/as/teacher/assignments:0
[  648978ms] [WARNING] The resource https://www.wiris.net/demo/editor/resources/fonts/stix_regular_letters_numbers.otf?v=7.25.3.2833a2 was preloaded using link preload but not used within a few seconds from the window's load event. Please make sure it has an appropriate `as` value and it is preloaded intentionally. @ https://arvi.sanomapro.fi/as/teacher/assignments:0
[  648978ms] [WARNING] The resource https://www.wiris.net/demo/editor/resources/fonts/stix_italic_letters.otf?v=7.25.3.2833a2 was preloaded using link preload but not used within a few seconds from the window's load event. Please make sure it has an appropriate `as` value and it is preloaded intentionally. @ https://arvi.sanomapro.fi/as/teacher/assignments:0
[  652342ms] [WARNING] The resource https://www.wiris.net/demo/editor/resources/fonts/stix_symbols.otf?v=7.25.3.2833a2 was preloaded using link preload but not used within a few seconds from the window's load event. Please make sure it has an appropriate `as` value and it is preloaded intentionally. @ https://arvi.sanomapro.fi/as/teacher/exports:0
[  652342ms] [WARNING] The resource https://www.wiris.net/demo/editor/resources/fonts/stix_italic_rest.otf?v=7.25.3.2833a2 was preloaded using link preload but not used within a few seconds from the window's load event. Please make sure it has an appropriate `as` value and it is preloaded intentionally. @ https://arvi.sanomapro.fi/as/teacher/exports:0
[  652342ms] [WARNING] The resource https://www.wiris.net/demo/editor/resources/fonts/stix_regular_letters_numbers.otf?v=7.25.3.2833a2 was preloaded using link preload but not used within a few seconds from the window's load event. Please make sure it has an appropriate `as` value and it is preloaded intentionally. @ https://arvi.sanomapro.fi/as/teacher/exports:0
[  652342ms] [WARNING] The resource https://www.wiris.net/demo/editor/resources/fonts/stix_italic_letters.otf?v=7.25.3.2833a2 was preloaded using link preload but not used within a few seconds from the window's load event. Please make sure it has an appropriate `as` value and it is preloaded intentionally. @ https://arvi.sanomapro.fi/as/teacher/exports:0
[  659962ms] [WARNING] The resource https://www.wiris.net/demo/editor/resources/fonts/stix_symbols.otf?v=7.25.3.2833a2 was preloaded using link preload but not used within a few seconds from the window's load event. Please make sure it has an appropriate `as` value and it is preloaded intentionally. @ https://arvi.sanomapro.fi/as/teacher/assignments:0
[  659962ms] [WARNING] The resource https://www.wiris.net/demo/editor/resources/fonts/stix_italic_rest.otf?v=7.25.3.2833a2 was preloaded using link preload but not used within a few seconds from the window's load event. Please make sure it has an appropriate `as` value and it is preloaded intentionally. @ https://arvi.sanomapro.fi/as/teacher/assignments:0
[  659962ms] [WARNING] The resource https://www.wiris.net/demo/editor/resources/fonts/stix_regular_letters_numbers.otf?v=7.25.3.2833a2 was preloaded using link preload but not used within a few seconds from the window's load event. Please make sure it has an appropriate `as` value and it is preloaded intentionally. @ https://arvi.sanomapro.fi/as/teacher/assignments:0
[  659962ms] [WARNING] The resource https://www.wiris.net/demo/editor/resources/fonts/stix_italic_letters.otf?v=7.25.3.2833a2 was preloaded using link preload but not used within a few seconds from the window's load event. Please make sure it has an appropriate `as` value and it is preloaded intentionally. @ https://arvi.sanomapro.fi/as/teacher/assignments:0
[  666940ms] [WARNING] The resource https://www.wiris.net/demo/editor/resources/fonts/stix_symbols.otf?v=7.25.3.2833a2 was preloaded using link preload but not used within a few seconds from the window's load event. Please make sure it has an appropriate `as` value and it is preloaded intentionally. @ https://arvi.sanomapro.fi/as/teacher/assignments:0
[  666940ms] [WARNING] The resource https://www.wiris.net/demo/editor/resources/fonts/stix_italic_rest.otf?v=7.25.3.2833a2 was preloaded using link preload but not used within a few seconds from the window's load event. Please make sure it has an appropriate `as` value and it is preloaded intentionally. @ https://arvi.sanomapro.fi/as/teacher/assignments:0
[  666940ms] [WARNING] The resource https://www.wiris.net/demo/editor/resources/fonts/stix_regular_letters_numbers.otf?v=7.25.3.2833a2 was preloaded using link preload but not used within a few seconds from the window's load event. Please make sure it has an appropriate `as` value and it is preloaded intentionally. @ https://arvi.sanomapro.fi/as/teacher/assignments:0
[  666940ms] [WARNING] The resource https://www.wiris.net/demo/editor/resources/fonts/stix_italic_letters.otf?v=7.25.3.2833a2 was preloaded using link preload but not used within a few seconds from the window's load event. Please make sure it has an appropriate `as` value and it is preloaded intentionally. @ https://arvi.sanomapro.fi/as/teacher/assignments:0
[  670308ms] [WARNING] The resource https://www.wiris.net/demo/editor/resources/fonts/stix_symbols.otf?v=7.25.3.2833a2 was preloaded using link preload but not used within a few seconds from the window's load event. Please make sure it has an appropriate `as` value and it is preloaded intentionally. @ https://arvi.sanomapro.fi/as/teacher/assignments:0
[  670308ms] [WARNING] The resource https://www.wiris.net/demo/editor/resources/fonts/stix_italic_rest.otf?v=7.25.3.2833a2 was preloaded using link preload but not used within a few seconds from the window's load event. Please make sure it has an appropriate `as` value and it is preloaded intentionally. @ https://arvi.sanomapro.fi/as/teacher/assignments:0
[  670308ms] [WARNING] The resource https://www.wiris.net/demo/editor/resources/fonts/stix_regular_letters_numbers.otf?v=7.25.3.2833a2 was preloaded using link preload but not used within a few seconds from the window's load event. Please make sure it has an appropriate `as` value and it is preloaded intentionally. @ https://arvi.sanomapro.fi/as/teacher/assignments:0
[  670308ms] [WARNING] The resource https://www.wiris.net/demo/editor/resources/fonts/stix_italic_letters.otf?v=7.25.3.2833a2 was preloaded using link preload but not used within a few seconds from the window's load event. Please make sure it has an appropriate `as` value and it is preloaded intentionally. @ https://arvi.sanomapro.fi/as/teacher/assignments:0
[  694579ms] [WARNING] The resource https://www.wiris.net/demo/editor/resources/fonts/stix_symbols.otf?v=7.25.3.2833a2 was preloaded using link preload but not used within a few seconds from the window's load event. Please make sure it has an appropriate `as` value and it is preloaded intentionally. @ https://arvi.sanomapro.fi/as/teacher/assignments:0
[  694579ms] [WARNING] The resource https://www.wiris.net/demo/editor/resources/fonts/stix_italic_rest.otf?v=7.25.3.2833a2 was preloaded using link preload but not used within a few seconds from the window's load event. Please make sure it has an appropriate `as` value and it is preloaded intentionally. @ https://arvi.sanomapro.fi/as/teacher/assignments:0
[  694579ms] [WARNING] The resource https://www.wiris.net/demo/editor/resources/fonts/stix_regular_letters_numbers.otf?v=7.25.3.2833a2 was preloaded using link preload but not used within a few seconds from the window's load event. Please make sure it has an appropriate `as` value and it is preloaded intentionally. @ https://arvi.sanomapro.fi/as/teacher/assignments:0
[  694579ms] [WARNING] The resource https://www.wiris.net/demo/editor/resources/fonts/stix_italic_letters.otf?v=7.25.3.2833a2 was preloaded using link preload but not used within a few seconds from the window's load event. Please make sure it has an appropriate `as` value and it is preloaded intentionally. @ https://arvi.sanomapro.fi/as/teacher/assignments:0
[  707582ms] [WARNING] The resource https://www.wiris.net/demo/editor/resources/fonts/stix_symbols.otf?v=7.25.3.2833a2 was preloaded using link preload but not used within a few seconds from the window's load event. Please make sure it has an appropriate `as` value and it is preloaded intentionally. @ https://arvi.sanomapro.fi/as/teacher/assignments:0
[  707582ms] [WARNING] The resource https://www.wiris.net/demo/editor/resources/fonts/stix_italic_rest.otf?v=7.25.3.2833a2 was preloaded using link preload but not used within a few seconds from the window's load event. Please make sure it has an appropriate `as` value and it is preloaded intentionally. @ https://arvi.sanomapro.fi/as/teacher/assignments:0
[  707582ms] [WARNING] The resource https://www.wiris.net/demo/editor/resources/fonts/stix_regular_letters_numbers.otf?v=7.25.3.2833a2 was preloaded using link preload but not used within a few seconds from the window's load event. Please make sure it has an appropriate `as` value and it is preloaded intentionally. @ https://arvi.sanomapro.fi/as/teacher/assignments:0
[  707582ms] [WARNING] The resource https://www.wiris.net/demo/editor/resources/fonts/stix_italic_letters.otf?v=7.25.3.2833a2 was preloaded using link preload but not used within a few seconds from the window's load event. Please make sure it has an appropriate `as` value and it is preloaded intentionally. @ https://arvi.sanomapro.fi/as/teacher/assignments:0
[  778209ms] [WARNING] The resource https://www.wiris.net/demo/editor/resources/fonts/stix_symbols.otf?v=7.25.3.2833a2 was preloaded using link preload but not used within a few seconds from the window's load event. Please make sure it has an appropriate `as` value and it is preloaded intentionally. @ https://arvi.sanomapro.fi/as/teacher/exports:0
[  778209ms] [WARNING] The resource https://www.wiris.net/demo/editor/resources/fonts/stix_italic_rest.otf?v=7.25.3.2833a2 was preloaded using link preload but not used within a few seconds from the window's load event. Please make sure it has an appropriate `as` value and it is preloaded intentionally. @ https://arvi.sanomapro.fi/as/teacher/exports:0
[  778209ms] [WARNING] The resource https://www.wiris.net/demo/editor/resources/fonts/stix_regular_letters_numbers.otf?v=7.25.3.2833a2 was preloaded using link preload but not used within a few seconds from the window's load event. Please make sure it has an appropriate `as` value and it is preloaded intentionally. @ https://arvi.sanomapro.fi/as/teacher/exports:0
[  778209ms] [WARNING] The resource https://www.wiris.net/demo/editor/resources/fonts/stix_italic_letters.otf?v=7.25.3.2833a2 was preloaded using link preload but not used within a few seconds from the window's load event. Please make sure it has an appropriate `as` value and it is preloaded intentionally. @ https://arvi.sanomapro.fi/as/teacher/exports:0
[  789090ms] [WARNING] The resource https://www.wiris.net/demo/editor/resources/fonts/stix_symbols.otf?v=7.25.3.2833a2 was preloaded using link preload but not used within a few seconds from the window's load event. Please make sure it has an appropriate `as` value and it is preloaded intentionally. @ https://arvi.sanomapro.fi/as/teacher/assignments:0
[  789090ms] [WARNING] The resource https://www.wiris.net/demo/editor/resources/fonts/stix_italic_rest.otf?v=7.25.3.2833a2 was preloaded using link preload but not used within a few seconds from the window's load event. Please make sure it has an appropriate `as` value and it is preloaded intentionally. @ https://arvi.sanomapro.fi/as/teacher/assignments:0
[  789090ms] [WARNING] The resource https://www.wiris.net/demo/editor/resources/fonts/stix_regular_letters_numbers.otf?v=7.25.3.2833a2 was preloaded using link preload but not used within a few seconds from the window's load event. Please make sure it has an appropriate `as` value and it is preloaded intentionally. @ https://arvi.sanomapro.fi/as/teacher/assignments:0
[  789090ms] [WARNING] The resource https://www.wiris.net/demo/editor/resources/fonts/stix_italic_letters.otf?v=7.25.3.2833a2 was preloaded using link preload but not used within a few seconds from the window's load event. Please make sure it has an appropriate `as` value and it is preloaded intentionally. @ https://arvi.sanomapro.fi/as/teacher/assignments:0
[  883927ms] [WARNING] The resource https://www.wiris.net/demo/editor/resources/fonts/stix_symbols.otf?v=7.25.3.2833a2 was preloaded using link preload but not used within a few seconds from the window's load event. Please make sure it has an appropriate `as` value and it is preloaded intentionally. @ https://arvi.sanomapro.fi/as/teacher/exports:0
[  883927ms] [WARNING] The resource https://www.wiris.net/demo/editor/resources/fonts/stix_italic_rest.otf?v=7.25.3.2833a2 was preloaded using link preload but not used within a few seconds from the window's load event. Please make sure it has an appropriate `as` value and it is preloaded intentionally. @ https://arvi.sanomapro.fi/as/teacher/exports:0
[  883927ms] [WARNING] The resource https://www.wiris.net/demo/editor/resources/fonts/stix_regular_letters_numbers.otf?v=7.25.3.2833a2 was preloaded using link preload but not used within a few seconds from the window's load event. Please make sure it has an appropriate `as` value and it is preloaded intentionally. @ https://arvi.sanomapro.fi/as/teacher/exports:0
[  883927ms] [WARNING] The resource https://www.wiris.net/demo/editor/resources/fonts/stix_italic_letters.otf?v=7.25.3.2833a2 was preloaded using link preload but not used within a few seconds from the window's load event. Please make sure it has an appropriate `as` value and it is preloaded intentionally. @ https://arvi.sanomapro.fi/as/teacher/exports:0
[  888171ms] [WARNING] The resource https://www.wiris.net/demo/editor/resources/fonts/stix_symbols.otf?v=7.25.3.2833a2 was preloaded using link preload but not used within a few seconds from the window's load event. Please make sure it has an appropriate `as` value and it is preloaded intentionally. @ https://arvi.sanomapro.fi/as/teacher/assignments:0
[  888171ms] [WARNING] The resource https://www.wiris.net/demo/editor/resources/fonts/stix_italic_rest.otf?v=7.25.3.2833a2 was preloaded using link preload but not used within a few seconds from the window's load event. Please make sure it has an appropriate `as` value and it is preloaded intentionally. @ https://arvi.sanomapro.fi/as/teacher/assignments:0
[  888171ms] [WARNING] The resource https://www.wiris.net/demo/editor/resources/fonts/stix_regular_letters_numbers.otf?v=7.25.3.2833a2 was preloaded using link preload but not used within a few seconds from the window's load event. Please make sure it has an appropriate `as` value and it is preloaded intentionally. @ https://arvi.sanomapro.fi/as/teacher/assignments:0
[  888171ms] [WARNING] The resource https://www.wiris.net/demo/editor/resources/fonts/stix_italic_letters.otf?v=7.25.3.2833a2 was preloaded using link preload but not used within a few seconds from the window's load event. Please make sure it has an appropriate `as` value and it is preloaded intentionally. @ https://arvi.sanomapro.fi/as/teacher/assignments:0
[  891872ms] [WARNING] The resource https://www.wiris.net/demo/editor/resources/fonts/stix_symbols.otf?v=7.25.3.2833a2 was preloaded using link preload but not used within a few seconds from the window's load event. Please make sure it has an appropriate `as` value and it is preloaded intentionally. @ https://arvi.sanomapro.fi/as/teacher/assignments:0
[  891872ms] [WARNING] The resource https://www.wiris.net/demo/editor/resources/fonts/stix_italic_rest.otf?v=7.25.3.2833a2 was preloaded using link preload but not used within a few seconds from the window's load event. Please make sure it has an appropriate `as` value and it is preloaded intentionally. @ https://arvi.sanomapro.fi/as/teacher/assignments:0
[  891872ms] [WARNING] The resource https://www.wiris.net/demo/editor/resources/fonts/stix_regular_letters_numbers.otf?v=7.25.3.2833a2 was preloaded using link preload but not used within a few seconds from the window's load event. Please make sure it has an appropriate `as` value and it is preloaded intentionally. @ https://arvi.sanomapro.fi/as/teacher/assignments:0
[  891872ms] [WARNING] The resource https://www.wiris.net/demo/editor/resources/fonts/stix_italic_letters.otf?v=7.25.3.2833a2 was preloaded using link preload but not used within a few seconds from the window's load event. Please make sure it has an appropriate `as` value and it is preloaded intentionally. @ https://arvi.sanomapro.fi/as/teacher/assignments:0
[  932133ms] [WARNING] The resource https://www.wiris.net/demo/editor/resources/fonts/stix_symbols.otf?v=7.25.3.2833a2 was preloaded using link preload but not used within a few seconds from the window's load event. Please make sure it has an appropriate `as` value and it is preloaded intentionally. @ https://arvi.sanomapro.fi/as/teacher/exports:0
[  932133ms] [WARNING] The resource https://www.wiris.net/demo/editor/resources/fonts/stix_italic_rest.otf?v=7.25.3.2833a2 was preloaded using link preload but not used within a few seconds from the window's load event. Please make sure it has an appropriate `as` value and it is preloaded intentionally. @ https://arvi.sanomapro.fi/as/teacher/exports:0
[  932133ms] [WARNING] The resource https://www.wiris.net/demo/editor/resources/fonts/stix_regular_letters_numbers.otf?v=7.25.3.2833a2 was preloaded using link preload but not used within a few seconds from the window's load event. Please make sure it has an appropriate `as` value and it is preloaded intentionally. @ https://arvi.sanomapro.fi/as/teacher/exports:0
[  932133ms] [WARNING] The resource https://www.wiris.net/demo/editor/resources/fonts/stix_italic_letters.otf?v=7.25.3.2833a2 was preloaded using link preload but not used within a few seconds from the window's load event. Please make sure it has an appropriate `as` value and it is preloaded intentionally. @ https://arvi.sanomapro.fi/as/teacher/exports:0
[  935155ms] [WARNING] The resource https://www.wiris.net/demo/editor/resources/fonts/stix_symbols.otf?v=7.25.3.2833a2 was preloaded using link preload but not used within a few seconds from the window's load event. Please make sure it has an appropriate `as` value and it is preloaded intentionally. @ https://arvi.sanomapro.fi/as/teacher/assignments:0
[  935155ms] [WARNING] The resource https://www.wiris.net/demo/editor/resources/fonts/stix_italic_rest.otf?v=7.25.3.2833a2 was preloaded using link preload but not used within a few seconds from the window's load event. Please make sure it has an appropriate `as` value and it is preloaded intentionally. @ https://arvi.sanomapro.fi/as/teacher/assignments:0
[  935155ms] [WARNING] The resource https://www.wiris.net/demo/editor/resources/fonts/stix_regular_letters_numbers.otf?v=7.25.3.2833a2 was preloaded using link preload but not used within a few seconds from the window's load event. Please make sure it has an appropriate `as` value and it is preloaded intentionally. @ https://arvi.sanomapro.fi/as/teacher/assignments:0
[  935155ms] [WARNING] The resource https://www.wiris.net/demo/editor/resources/fonts/stix_italic_letters.otf?v=7.25.3.2833a2 was preloaded using link preload but not used within a few seconds from the window's load event. Please make sure it has an appropriate `as` value and it is preloaded intentionally. @ https://arvi.sanomapro.fi/as/teacher/assignments:0
[  940270ms] [WARNING] The resource https://www.wiris.net/demo/editor/resources/fonts/stix_symbols.otf?v=7.25.3.2833a2 was preloaded using link preload but not used within a few seconds from the window's load event. Please make sure it has an appropriate `as` value and it is preloaded intentionally. @ https://arvi.sanomapro.fi/as/teacher/assignments:0
[  940270ms] [WARNING] The resource https://www.wiris.net/demo/editor/resources/fonts/stix_italic_rest.otf?v=7.25.3.2833a2 was preloaded using link preload but not used within a few seconds from the window's load event. Please make sure it has an appropriate `as` value and it is preloaded intentionally. @ https://arvi.sanomapro.fi/as/teacher/assignments:0
[  940270ms] [WARNING] The resource https://www.wiris.net/demo/editor/resources/fonts/stix_regular_letters_numbers.otf?v=7.25.3.2833a2 was preloaded using link preload but not used within a few seconds from the window's load event. Please make sure it has an appropriate `as` value and it is preloaded intentionally. @ https://arvi.sanomapro.fi/as/teacher/assignments:0
[  940270ms] [WARNING] The resource https://www.wiris.net/demo/editor/resources/fonts/stix_italic_letters.otf?v=7.25.3.2833a2 was preloaded using link preload but not used within a few seconds from the window's load event. Please make sure it has an appropriate `as` value and it is preloaded intentionally. @ https://arvi.sanomapro.fi/as/teacher/assignments:0
[  957057ms] [WARNING] The resource https://www.wiris.net/demo/editor/resources/fonts/stix_symbols.otf?v=7.25.3.2833a2 was preloaded using link preload but not used within a few seconds from the window's load event. Please make sure it has an appropriate `as` value and it is preloaded intentionally. @ https://arvi.sanomapro.fi/as/teacher/exports:0
[  957057ms] [WARNING] The resource https://www.wiris.net/demo/editor/resources/fonts/stix_italic_rest.otf?v=7.25.3.2833a2 was preloaded using link preload but not used within a few seconds from the window's load event. Please make sure it has an appropriate `as` value and it is preloaded intentionally. @ https://arvi.sanomapro.fi/as/teacher/exports:0
[  957058ms] [WARNING] The resource https://www.wiris.net/demo/editor/resources/fonts/stix_regular_letters_numbers.otf?v=7.25.3.2833a2 was preloaded using link preload but not used within a few seconds from the window's load event. Please make sure it has an appropriate `as` value and it is preloaded intentionally. @ https://arvi.sanomapro.fi/as/teacher/exports:0
[  957058ms] [WARNING] The resource https://www.wiris.net/demo/editor/resources/fonts/stix_italic_letters.otf?v=7.25.3.2833a2 was preloaded using link preload but not used within a few seconds from the window's load event. Please make sure it has an appropriate `as` value and it is preloaded intentionally. @ https://arvi.sanomapro.fi/as/teacher/exports:0
[  984427ms] [WARNING] The resource https://www.wiris.net/demo/editor/resources/fonts/stix_symbols.otf?v=7.25.3.2833a2 was preloaded using link preload but not used within a few seconds from the window's load event. Please make sure it has an appropriate `as` value and it is preloaded intentionally. @ https://arvi.sanomapro.fi/as/teacher/exports:0
[  984427ms] [WARNING] The resource https://www.wiris.net/demo/editor/resources/fonts/stix_italic_rest.otf?v=7.25.3.2833a2 was preloaded using link preload but not used within a few seconds from the window's load event. Please make sure it has an appropriate `as` value and it is preloaded intentionally. @ https://arvi.sanomapro.fi/as/teacher/exports:0
[  984427ms] [WARNING] The resource https://www.wiris.net/demo/editor/resources/fonts/stix_regular_letters_numbers.otf?v=7.25.3.2833a2 was preloaded using link preload but not used within a few seconds from the window's load event. Please make sure it has an appropriate `as` value and it is preloaded intentionally. @ https://arvi.sanomapro.fi/as/teacher/exports:0
[  984427ms] [WARNING] The resource https://www.wiris.net/demo/editor/resources/fonts/stix_italic_letters.otf?v=7.25.3.2833a2 was preloaded using link preload but not used within a few seconds from the window's load event. Please make sure it has an appropriate `as` value and it is preloaded intentionally. @ https://arvi.sanomapro.fi/as/teacher/exports:0
[ 1042516ms] [WARNING] The resource https://www.wiris.net/demo/editor/resources/fonts/stix_symbols.otf?v=7.25.3.2833a2 was preloaded using link preload but not used within a few seconds from the window's load event. Please make sure it has an appropriate `as` value and it is preloaded intentionally. @ https://arvi.sanomapro.fi/as/teacher/assignments:0
[ 1042516ms] [WARNING] The resource https://www.wiris.net/demo/editor/resources/fonts/stix_italic_rest.otf?v=7.25.3.2833a2 was preloaded using link preload but not used within a few seconds from the window's load event. Please make sure it has an appropriate `as` value and it is preloaded intentionally. @ https://arvi.sanomapro.fi/as/teacher/assignments:0
[ 1042516ms] [WARNING] The resource https://www.wiris.net/demo/editor/resources/fonts/stix_regular_letters_numbers.otf?v=7.25.3.2833a2 was preloaded using link preload but not used within a few seconds from the window's load event. Please make sure it has an appropriate `as` value and it is preloaded intentionally. @ https://arvi.sanomapro.fi/as/teacher/assignments:0
[ 1042516ms] [WARNING] The resource https://www.wiris.net/demo/editor/resources/fonts/stix_italic_letters.otf?v=7.25.3.2833a2 was preloaded using link preload but not used within a few seconds from the window's load event. Please make sure it has an appropriate `as` value and it is preloaded intentionally. @ https://arvi.sanomapro.fi/as/teacher/assignments:0
[ 1206550ms] [WARNING] The resource https://www.wiris.net/demo/editor/resources/fonts/stix_symbols.otf?v=7.25.3.2833a2 was preloaded using link preload but not used within a few seconds from the window's load event. Please make sure it has an appropriate `as` value and it is preloaded intentionally. @ https://arvi.sanomapro.fi/as/teacher/assignments:0
[ 1206550ms] [WARNING] The resource https://www.wiris.net/demo/editor/resources/fonts/stix_italic_rest.otf?v=7.25.3.2833a2 was preloaded using link preload but not used within a few seconds from the window's load event. Please make sure it has an appropriate `as` value and it is preloaded intentionally. @ https://arvi.sanomapro.fi/as/teacher/assignments:0
[ 1206550ms] [WARNING] The resource https://www.wiris.net/demo/editor/resources/fonts/stix_regular_letters_numbers.otf?v=7.25.3.2833a2 was preloaded using link preload but not used within a few seconds from the window's load event. Please make sure it has an appropriate `as` value and it is preloaded intentionally. @ https://arvi.sanomapro.fi/as/teacher/assignments:0
[ 1206550ms] [WARNING] The resource https://www.wiris.net/demo/editor/resources/fonts/stix_italic_letters.otf?v=7.25.3.2833a2 was preloaded using link preload but not used within a few seconds from the window's load event. Please make sure it has an appropriate `as` value and it is preloaded intentionally. @ https://arvi.sanomapro.fi/as/teacher/assignments:0
[ 1219030ms] [ERROR] Error: Parameter "key" required
    at e.instant (https://arvi.sanomapro.fi/main.c3c37d1981daa425b123.js:1:607532)
    at https://arvi.sanomapro.fi/main.c3c37d1981daa425b123.js:1:3768194
    at fn (eval at compile (https://arvi.sanomapro.fi/main.c3c37d1981daa425b123.js:1:1008937), <anonymous>:4:227)
    at https://arvi.sanomapro.fi/main.c3c37d1981daa425b123.js:1:990070
    at u.$digest (https://arvi.sanomapro.fi/main.c3c37d1981daa425b123.js:1:998074)
    at u.$apply (https://arvi.sanomapro.fi/main.c3c37d1981daa425b123.js:1:1000057)
    at https://arvi.sanomapro.fi/main.c3c37d1981daa425b123.js:1:969401
    at x (https://arvi.sanomapro.fi/main.c3c37d1981daa425b123.js:1:972305)
    at b.onload [as __zone_symbol__ON_PROPERTYload] (https://arvi.sanomapro.fi/main.c3c37d1981daa425b123.js:1:971671)
    at XMLHttpRequest.S (https://arvi.sanomapro.fi/polyfills.f87342f750e5f1190272.js:1:18905) @ https://arvi.sanomapro.fi/main.c3c37d1981daa425b123.js:0
[ 1219049ms] [ERROR] Error: Parameter "key" required
    at e.instant (https://arvi.sanomapro.fi/main.c3c37d1981daa425b123.js:1:607532)
    at https://arvi.sanomapro.fi/main.c3c37d1981daa425b123.js:1:3768194
    at fn (eval at compile (https://arvi.sanomapro.fi/main.c3c37d1981daa425b123.js:1:1008937), <anonymous>:4:227)
    at https://arvi.sanomapro.fi/main.c3c37d1981daa425b123.js:1:990070
    at u.$digest (https://arvi.sanomapro.fi/main.c3c37d1981daa425b123.js:1:998074)
    at u.$apply (https://arvi.sanomapro.fi/main.c3c37d1981daa425b123.js:1:1000057)
    at https://arvi.sanomapro.fi/main.c3c37d1981daa425b123.js:1:969401
    at x (https://arvi.sanomapro.fi/main.c3c37d1981daa425b123.js:1:972305)
    at b.onload [as __zone_symbol__ON_PROPERTYload] (https://arvi.sanomapro.fi/main.c3c37d1981daa425b123.js:1:971671)
    at XMLHttpRequest.S (https://arvi.sanomapro.fi/polyfills.f87342f750e5f1190272.js:1:18905) @ https://arvi.sanomapro.fi/main.c3c37d1981daa425b123.js:0
[ 1219051ms] [ERROR] Error: Parameter "key" required
    at e.instant (https://arvi.sanomapro.fi/main.c3c37d1981daa425b123.js:1:607532)
    at https://arvi.sanomapro.fi/main.c3c37d1981daa425b123.js:1:3768194
    at fn (eval at compile (https://arvi.sanomapro.fi/main.c3c37d1981daa425b123.js:1:1008937), <anonymous>:4:227)
    at https://arvi.sanomapro.fi/main.c3c37d1981daa425b123.js:1:990070
    at u.$digest (https://arvi.sanomapro.fi/main.c3c37d1981daa425b123.js:1:998074)
    at https://arvi.sanomapro.fi/main.c3c37d1981daa425b123.js:1:3297561
    at t.o [as _next] (https://arvi.sanomapro.fi/main.c3c37d1981daa425b123.js:1:716529)
    at t.__tryOrUnsub (https://arvi.sanomapro.fi/main.c3c37d1981daa425b123.js:1:868429)
    at t.next (https://arvi.sanomapro.fi/main.c3c37d1981daa425b123.js:1:867574)
    at t._next (https://arvi.sanomapro.fi/main.c3c37d1981daa425b123.js:1:866650) @ https://arvi.sanomapro.fi/main.c3c37d1981daa425b123.js:0
[ 1219052ms] [ERROR] Error: Parameter "key" required
    at e.instant (https://arvi.sanomapro.fi/main.c3c37d1981daa425b123.js:1:607532)
    at https://arvi.sanomapro.fi/main.c3c37d1981daa425b123.js:1:3768194
    at fn (eval at compile (https://arvi.sanomapro.fi/main.c3c37d1981daa425b123.js:1:1008937), <anonymous>:4:227)
    at https://arvi.sanomapro.fi/main.c3c37d1981daa425b123.js:1:990070
    at u.$digest (https://arvi.sanomapro.fi/main.c3c37d1981daa425b123.js:1:998074)
    at https://arvi.sanomapro.fi/main.c3c37d1981daa425b123.js:1:3297561
    at t.o [as _next] (https://arvi.sanomapro.fi/main.c3c37d1981daa425b123.js:1:716529)
    at t.__tryOrUnsub (https://arvi.sanomapro.fi/main.c3c37d1981daa425b123.js:1:868429)
    at t.next (https://arvi.sanomapro.fi/main.c3c37d1981daa425b123.js:1:867574)
    at t._next (https://arvi.sanomapro.fi/main.c3c37d1981daa425b123.js:1:866650) @ https://arvi.sanomapro.fi/main.c3c37d1981daa425b123.js:0
[ 1219053ms] [ERROR] Error: Parameter "key" required
    at e.instant (https://arvi.sanomapro.fi/main.c3c37d1981daa425b123.js:1:607532)
    at https://arvi.sanomapro.fi/main.c3c37d1981daa425b123.js:1:3768194
    at fn (eval at compile (https://arvi.sanomapro.fi/main.c3c37d1981daa425b123.js:1:1008937), <anonymous>:4:227)
    at https://arvi.sanomapro.fi/main.c3c37d1981daa425b123.js:1:990070
    at u.$digest (https://arvi.sanomapro.fi/main.c3c37d1981daa425b123.js:1:998074)
    at https://arvi.sanomapro.fi/main.c3c37d1981daa425b123.js:1:3297561
    at t.o [as _next] (https://arvi.sanomapro.fi/main.c3c37d1981daa425b123.js:1:716529)
    at t.__tryOrUnsub (https://arvi.sanomapro.fi/main.c3c37d1981daa425b123.js:1:868429)
    at t.next (https://arvi.sanomapro.fi/main.c3c37d1981daa425b123.js:1:867574)
    at t._next (https://arvi.sanomapro.fi/main.c3c37d1981daa425b123.js:1:866650) @ https://arvi.sanomapro.fi/main.c3c37d1981daa425b123.js:0
[ 1219057ms] [ERROR] Error: Parameter "key" required
    at e.instant (https://arvi.sanomapro.fi/main.c3c37d1981daa425b123.js:1:607532)
    at https://arvi.sanomapro.fi/main.c3c37d1981daa425b123.js:1:3768194
    at fn (eval at compile (https://arvi.sanomapro.fi/main.c3c37d1981daa425b123.js:1:1008937), <anonymous>:4:227)
    at https://arvi.sanomapro.fi/main.c3c37d1981daa425b123.js:1:990070
    at u.$digest (https://arvi.sanomapro.fi/main.c3c37d1981daa425b123.js:1:998074)
    at https://arvi.sanomapro.fi/main.c3c37d1981daa425b123.js:1:3297561
    at t.o [as _next] (https://arvi.sanomapro.fi/main.c3c37d1981daa425b123.js:1:716529)
    at t.__tryOrUnsub (https://arvi.sanomapro.fi/main.c3c37d1981daa425b123.js:1:868429)
    at t.next (https://arvi.sanomapro.fi/main.c3c37d1981daa425b123.js:1:867574)
    at t._next (https://arvi.sanomapro.fi/main.c3c37d1981daa425b123.js:1:866650) @ https://arvi.sanomapro.fi/main.c3c37d1981daa425b123.js:0
[ 1219058ms] [ERROR] Error: Parameter "key" required
    at e.instant (https://arvi.sanomapro.fi/main.c3c37d1981daa425b123.js:1:607532)
    at https://arvi.sanomapro.fi/main.c3c37d1981daa425b123.js:1:3768194
    at fn (eval at compile (https://arvi.sanomapro.fi/main.c3c37d1981daa425b123.js:1:1008937), <anonymous>:4:227)
    at https://arvi.sanomapro.fi/main.c3c37d1981daa425b123.js:1:990070
    at u.$digest (https://arvi.sanomapro.fi/main.c3c37d1981daa425b123.js:1:998074)
    at https://arvi.sanomapro.fi/main.c3c37d1981daa425b123.js:1:3297561
    at t.o [as _next] (https://arvi.sanomapro.fi/main.c3c37d1981daa425b123.js:1:716529)
    at t.__tryOrUnsub (https://arvi.sanomapro.fi/main.c3c37d1981daa425b123.js:1:868429)
    at t.next (https://arvi.sanomapro.fi/main.c3c37d1981daa425b123.js:1:867574)
    at t._next (https://arvi.sanomapro.fi/main.c3c37d1981daa425b123.js:1:866650) @ https://arvi.sanomapro.fi/main.c3c37d1981daa425b123.js:0
[ 1219058ms] [ERROR] Error: Parameter "key" required
    at e.instant (https://arvi.sanomapro.fi/main.c3c37d1981daa425b123.js:1:607532)
    at https://arvi.sanomapro.fi/main.c3c37d1981daa425b123.js:1:3768194
    at fn (eval at compile (https://arvi.sanomapro.fi/main.c3c37d1981daa425b123.js:1:1008937), <anonymous>:4:227)
    at https://arvi.sanomapro.fi/main.c3c37d1981daa425b123.js:1:990070
    at u.$digest (https://arvi.sanomapro.fi/main.c3c37d1981daa425b123.js:1:998074)
    at u.$apply (https://arvi.sanomapro.fi/main.c3c37d1981daa425b123.js:1:1000057)
    at v (https://arvi.sanomapro.fi/main.c3c37d1981daa425b123.js:1:3510604)
    at g (https://arvi.sanomapro.fi/main.c3c37d1981daa425b123.js:1:3510501)
    at t.invokeTask (https://arvi.sanomapro.fi/polyfills.f87342f750e5f1190272.js:1:8757)
    at e.runTask (https://arvi.sanomapro.fi/polyfills.f87342f750e5f1190272.js:1:3939) @ https://arvi.sanomapro.fi/main.c3c37d1981daa425b123.js:0
[ 1219059ms] [ERROR] Error: Parameter "key" required
    at e.instant (https://arvi.sanomapro.fi/main.c3c37d1981daa425b123.js:1:607532)
    at https://arvi.sanomapro.fi/main.c3c37d1981daa425b123.js:1:3768194
    at fn (eval at compile (https://arvi.sanomapro.fi/main.c3c37d1981daa425b123.js:1:1008937), <anonymous>:4:227)
    at https://arvi.sanomapro.fi/main.c3c37d1981daa425b123.js:1:990070
    at u.$digest (https://arvi.sanomapro.fi/main.c3c37d1981daa425b123.js:1:998074)
    at u.$apply (https://arvi.sanomapro.fi/main.c3c37d1981daa425b123.js:1:1000057)
    at v (https://arvi.sanomapro.fi/main.c3c37d1981daa425b123.js:1:3510604)
    at g (https://arvi.sanomapro.fi/main.c3c37d1981daa425b123.js:1:3510501)
    at t.invokeTask (https://arvi.sanomapro.fi/polyfills.f87342f750e5f1190272.js:1:8757)
    at e.runTask (https://arvi.sanomapro.fi/polyfills.f87342f750e5f1190272.js:1:3939) @ https://arvi.sanomapro.fi/main.c3c37d1981daa425b123.js:0
[ 1219059ms] [ERROR] Error: Parameter "key" required
    at e.instant (https://arvi.sanomapro.fi/main.c3c37d1981daa425b123.js:1:607532)
    at https://arvi.sanomapro.fi/main.c3c37d1981daa425b123.js:1:3768194
    at fn (eval at compile (https://arvi.sanomapro.fi/main.c3c37d1981daa425b123.js:1:1008937), <anonymous>:4:227)
    at https://arvi.sanomapro.fi/main.c3c37d1981daa425b123.js:1:990070
    at u.$digest (https://arvi.sanomapro.fi/main.c3c37d1981daa425b123.js:1:998074)
    at https://arvi.sanomapro.fi/main.c3c37d1981daa425b123.js:1:3297561
    at t.o [as _next] (https://arvi.sanomapro.fi/main.c3c37d1981daa425b123.js:1:716529)
    at t.__tryOrUnsub (https://arvi.sanomapro.fi/main.c3c37d1981daa425b123.js:1:868429)
    at t.next (https://arvi.sanomapro.fi/main.c3c37d1981daa425b123.js:1:867574)
    at t._next (https://arvi.sanomapro.fi/main.c3c37d1981daa425b123.js:1:866650) @ https://arvi.sanomapro.fi/main.c3c37d1981daa425b123.js:0
[ 1219062ms] [ERROR] Error: Parameter "key" required
    at e.instant (https://arvi.sanomapro.fi/main.c3c37d1981daa425b123.js:1:607532)
    at https://arvi.sanomapro.fi/main.c3c37d1981daa425b123.js:1:3768194
    at fn (eval at compile (https://arvi.sanomapro.fi/main.c3c37d1981daa425b123.js:1:1008937), <anonymous>:4:227)
    at https://arvi.sanomapro.fi/main.c3c37d1981daa425b123.js:1:990070
    at u.$digest (https://arvi.sanomapro.fi/main.c3c37d1981daa425b123.js:1:998074)
    at https://arvi.sanomapro.fi/main.c3c37d1981daa425b123.js:1:3297561
    at t.o [as _next] (https://arvi.sanomapro.fi/main.c3c37d1981daa425b123.js:1:716529)
    at t.__tryOrUnsub (https://arvi.sanomapro.fi/main.c3c37d1981daa425b123.js:1:868429)
    at t.next (https://arvi.sanomapro.fi/main.c3c37d1981daa425b123.js:1:867574)
    at t._next (https://arvi.sanomapro.fi/main.c3c37d1981daa425b123.js:1:866650) @ https://arvi.sanomapro.fi/main.c3c37d1981daa425b123.js:0
[ 1219063ms] [ERROR] Error: Parameter "key" required
    at e.instant (https://arvi.sanomapro.fi/main.c3c37d1981daa425b123.js:1:607532)
    at https://arvi.sanomapro.fi/main.c3c37d1981daa425b123.js:1:3768194
    at fn (eval at compile (https://arvi.sanomapro.fi/main.c3c37d1981daa425b123.js:1:1008937), <anonymous>:4:227)
    at https://arvi.sanomapro.fi/main.c3c37d1981daa425b123.js:1:990070
    at u.$digest (https://arvi.sanomapro.fi/main.c3c37d1981daa425b123.js:1:998074)
    at https://arvi.sanomapro.fi/main.c3c37d1981daa425b123.js:1:3297561
    at t.o [as _next] (https://arvi.sanomapro.fi/main.c3c37d1981daa425b123.js:1:716529)
    at t.__tryOrUnsub (https://arvi.sanomapro.fi/main.c3c37d1981daa425b123.js:1:868429)
    at t.next (https://arvi.sanomapro.fi/main.c3c37d1981daa425b123.js:1:867574)
    at t._next (https://arvi.sanomapro.fi/main.c3c37d1981daa425b123.js:1:866650) @ https://arvi.sanomapro.fi/main.c3c37d1981daa425b123.js:0
[ 1219064ms] [ERROR] Error: Parameter "key" required
    at e.instant (https://arvi.sanomapro.fi/main.c3c37d1981daa425b123.js:1:607532)
    at https://arvi.sanomapro.fi/main.c3c37d1981daa425b123.js:1:3768194
    at fn (eval at compile (https://arvi.sanomapro.fi/main.c3c37d1981daa425b123.js:1:1008937), <anonymous>:4:227)
    at https://arvi.sanomapro.fi/main.c3c37d1981daa425b123.js:1:990070
    at u.$digest (https://arvi.sanomapro.fi/main.c3c37d1981daa425b123.js:1:998074)
    at https://arvi.sanomapro.fi/main.c3c37d1981daa425b123.js:1:3297561
    at t.o [as _next] (https://arvi.sanomapro.fi/main.c3c37d1981daa425b123.js:1:716529)
    at t.__tryOrUnsub (https://arvi.sanomapro.fi/main.c3c37d1981daa425b123.js:1:868429)
    at t.next (https://arvi.sanomapro.fi/main.c3c37d1981daa425b123.js:1:867574)
    at t._next (https://arvi.sanomapro.fi/main.c3c37d1981daa425b123.js:1:866650) @ https://arvi.sanomapro.fi/main.c3c37d1981daa425b123.js:0
[ 1219065ms] [ERROR] Error: Parameter "key" required
    at e.instant (https://arvi.sanomapro.fi/main.c3c37d1981daa425b123.js:1:607532)
    at https://arvi.sanomapro.fi/main.c3c37d1981daa425b123.js:1:3768194
    at fn (eval at compile (https://arvi.sanomapro.fi/main.c3c37d1981daa425b123.js:1:1008937), <anonymous>:4:227)
    at https://arvi.sanomapro.fi/main.c3c37d1981daa425b123.js:1:990070
    at u.$digest (https://arvi.sanomapro.fi/main.c3c37d1981daa425b123.js:1:998074)
    at https://arvi.sanomapro.fi/main.c3c37d1981daa425b123.js:1:3297561
    at t.o [as _next] (https://arvi.sanomapro.fi/main.c3c37d1981daa425b123.js:1:716529)
    at t.__tryOrUnsub (https://arvi.sanomapro.fi/main.c3c37d1981daa425b123.js:1:868429)
    at t.next (https://arvi.sanomapro.fi/main.c3c37d1981daa425b123.js:1:867574)
    at t._next (https://arvi.sanomapro.fi/main.c3c37d1981daa425b123.js:1:866650) @ https://arvi.sanomapro.fi/main.c3c37d1981daa425b123.js:0
[ 1219065ms] [ERROR] Error: Parameter "key" required
    at e.instant (https://arvi.sanomapro.fi/main.c3c37d1981daa425b123.js:1:607532)
    at https://arvi.sanomapro.fi/main.c3c37d1981daa425b123.js:1:3768194
    at fn (eval at compile (https://arvi.sanomapro.fi/main.c3c37d1981daa425b123.js:1:1008937), <anonymous>:4:227)
    at https://arvi.sanomapro.fi/main.c3c37d1981daa425b123.js:1:990070
    at u.$digest (https://arvi.sanomapro.fi/main.c3c37d1981daa425b123.js:1:998074)
    at https://arvi.sanomapro.fi/main.c3c37d1981daa425b123.js:1:3297561
    at t.o [as _next] (https://arvi.sanomapro.fi/main.c3c37d1981daa425b123.js:1:716529)
    at t.__tryOrUnsub (https://arvi.sanomapro.fi/main.c3c37d1981daa425b123.js:1:868429)
    at t.next (https://arvi.sanomapro.fi/main.c3c37d1981daa425b123.js:1:867574)
    at t._next (https://arvi.sanomapro.fi/main.c3c37d1981daa425b123.js:1:866650) @ https://arvi.sanomapro.fi/main.c3c37d1981daa425b123.js:0
[ 1219066ms] [ERROR] Error: Parameter "key" required
    at e.instant (https://arvi.sanomapro.fi/main.c3c37d1981daa425b123.js:1:607532)
    at https://arvi.sanomapro.fi/main.c3c37d1981daa425b123.js:1:3768194
    at fn (eval at compile (https://arvi.sanomapro.fi/main.c3c37d1981daa425b123.js:1:1008937), <anonymous>:4:227)
    at https://arvi.sanomapro.fi/main.c3c37d1981daa425b123.js:1:990070
    at u.$digest (https://arvi.sanomapro.fi/main.c3c37d1981daa425b123.js:1:998074)
    at https://arvi.sanomapro.fi/main.c3c37d1981daa425b123.js:1:3297561
    at t.o [as _next] (https://arvi.sanomapro.fi/main.c3c37d1981daa425b123.js:1:716529)
    at t.__tryOrUnsub (https://arvi.sanomapro.fi/main.c3c37d1981daa425b123.js:1:868429)
    at t.next (https://arvi.sanomapro.fi/main.c3c37d1981daa425b123.js:1:867574)
    at t._next (https://arvi.sanomapro.fi/main.c3c37d1981daa425b123.js:1:866650) @ https://arvi.sanomapro.fi/main.c3c37d1981daa425b123.js:0
[ 1219068ms] [ERROR] Error: Parameter "key" required
    at e.instant (https://arvi.sanomapro.fi/main.c3c37d1981daa425b123.js:1:607532)
    at https://arvi.sanomapro.fi/main.c3c37d1981daa425b123.js:1:3768194
    at fn (eval at compile (https://arvi.sanomapro.fi/main.c3c37d1981daa425b123.js:1:1008937), <anonymous>:4:227)
    at https://arvi.sanomapro.fi/main.c3c37d1981daa425b123.js:1:990070
    at u.$digest (https://arvi.sanomapro.fi/main.c3c37d1981daa425b123.js:1:998074)
    at https://arvi.sanomapro.fi/main.c3c37d1981daa425b123.js:1:3297561
    at t.o [as _next] (https://arvi.sanomapro.fi/main.c3c37d1981daa425b123.js:1:716529)
    at t.__tryOrUnsub (https://arvi.sanomapro.fi/main.c3c37d1981daa425b123.js:1:868429)
    at t.next (https://arvi.sanomapro.fi/main.c3c37d1981daa425b123.js:1:867574)
    at t._next (https://arvi.sanomapro.fi/main.c3c37d1981daa425b123.js:1:866650) @ https://arvi.sanomapro.fi/main.c3c37d1981daa425b123.js:0
[ 1219085ms] [ERROR] Error: Parameter "key" required
    at e.instant (https://arvi.sanomapro.fi/main.c3c37d1981daa425b123.js:1:607532)
    at https://arvi.sanomapro.fi/main.c3c37d1981daa425b123.js:1:3768194
    at fn (eval at compile (https://arvi.sanomapro.fi/main.c3c37d1981daa425b123.js:1:1008937), <anonymous>:4:227)
    at https://arvi.sanomapro.fi/main.c3c37d1981daa425b123.js:1:990070
    at u.$digest (https://arvi.sanomapro.fi/main.c3c37d1981daa425b123.js:1:998074)
    at https://arvi.sanomapro.fi/main.c3c37d1981daa425b123.js:1:3297561
    at t.o [as _next] (https://arvi.sanomapro.fi/main.c3c37d1981daa425b123.js:1:716529)
    at t.__tryOrUnsub (https://arvi.sanomapro.fi/main.c3c37d1981daa425b123.js:1:868429)
    at t.next (https://arvi.sanomapro.fi/main.c3c37d1981daa425b123.js:1:867574)
    at t._next (https://arvi.sanomapro.fi/main.c3c37d1981daa425b123.js:1:866650) @ https://arvi.sanomapro.fi/main.c3c37d1981daa425b123.js:0
[ 1219102ms] [ERROR] Error: Parameter "key" required
    at e.instant (https://arvi.sanomapro.fi/main.c3c37d1981daa425b123.js:1:607532)
    at https://arvi.sanomapro.fi/main.c3c37d1981daa425b123.js:1:3768194
    at fn (eval at compile (https://arvi.sanomapro.fi/main.c3c37d1981daa425b123.js:1:1008937), <anonymous>:4:227)
    at https://arvi.sanomapro.fi/main.c3c37d1981daa425b123.js:1:990070
    at u.$digest (https://arvi.sanomapro.fi/main.c3c37d1981daa425b123.js:1:998074)
    at https://arvi.sanomapro.fi/main.c3c37d1981daa425b123.js:1:3297561
    at t.o [as _next] (https://arvi.sanomapro.fi/main.c3c37d1981daa425b123.js:1:716529)
    at t.__tryOrUnsub (https://arvi.sanomapro.fi/main.c3c37d1981daa425b123.js:1:868429)
    at t.next (https://arvi.sanomapro.fi/main.c3c37d1981daa425b123.js:1:867574)
    at t._next (https://arvi.sanomapro.fi/main.c3c37d1981daa425b123.js:1:866650) @ https://arvi.sanomapro.fi/main.c3c37d1981daa425b123.js:0
[ 1219114ms] [ERROR] Error: Parameter "key" required
    at e.instant (https://arvi.sanomapro.fi/main.c3c37d1981daa425b123.js:1:607532)
    at https://arvi.sanomapro.fi/main.c3c37d1981daa425b123.js:1:3768194
    at fn (eval at compile (https://arvi.sanomapro.fi/main.c3c37d1981daa425b123.js:1:1008937), <anonymous>:4:227)
    at https://arvi.sanomapro.fi/main.c3c37d1981daa425b123.js:1:990070
    at u.$digest (https://arvi.sanomapro.fi/main.c3c37d1981daa425b123.js:1:998074)
    at https://arvi.sanomapro.fi/main.c3c37d1981daa425b123.js:1:3297561
    at t.o [as _next] (https://arvi.sanomapro.fi/main.c3c37d1981daa425b123.js:1:716529)
    at t.__tryOrUnsub (https://arvi.sanomapro.fi/main.c3c37d1981daa425b123.js:1:868429)
    at t.next (https://arvi.sanomapro.fi/main.c3c37d1981daa425b123.js:1:867574)
    at t._next (https://arvi.sanomapro.fi/main.c3c37d1981daa425b123.js:1:866650) @ https://arvi.sanomapro.fi/main.c3c37d1981daa425b123.js:0
[ 1219308ms] [ERROR] Error: Parameter "key" required
    at e.instant (https://arvi.sanomapro.fi/main.c3c37d1981daa425b123.js:1:607532)
    at https://arvi.sanomapro.fi/main.c3c37d1981daa425b123.js:1:3768194
    at fn (eval at compile (https://arvi.sanomapro.fi/main.c3c37d1981daa425b123.js:1:1008937), <anonymous>:4:227)
    at https://arvi.sanomapro.fi/main.c3c37d1981daa425b123.js:1:990070
    at u.$digest (https://arvi.sanomapro.fi/main.c3c37d1981daa425b123.js:1:998074)
    at https://arvi.sanomapro.fi/main.c3c37d1981daa425b123.js:1:3297561
    at t.o [as _next] (https://arvi.sanomapro.fi/main.c3c37d1981daa425b123.js:1:716529)
    at t.__tryOrUnsub (https://arvi.sanomapro.fi/main.c3c37d1981daa425b123.js:1:868429)
    at t.next (https://arvi.sanomapro.fi/main.c3c37d1981daa425b123.js:1:867574)
    at t._next (https://arvi.sanomapro.fi/main.c3c37d1981daa425b123.js:1:866650) @ https://arvi.sanomapro.fi/main.c3c37d1981daa425b123.js:0
[ 1219318ms] [ERROR] Error: Parameter "key" required
    at e.instant (https://arvi.sanomapro.fi/main.c3c37d1981daa425b123.js:1:607532)
    at https://arvi.sanomapro.fi/main.c3c37d1981daa425b123.js:1:3768194
    at fn (eval at compile (https://arvi.sanomapro.fi/main.c3c37d1981daa425b123.js:1:1008937), <anonymous>:4:227)
    at https://arvi.sanomapro.fi/main.c3c37d1981daa425b123.js:1:990070
    at u.$digest (https://arvi.sanomapro.fi/main.c3c37d1981daa425b123.js:1:998074)
    at https://arvi.sanomapro.fi/main.c3c37d1981daa425b123.js:1:3297561
    at t.o [as _next] (https://arvi.sanomapro.fi/main.c3c37d1981daa425b123.js:1:716529)
    at t.__tryOrUnsub (https://arvi.sanomapro.fi/main.c3c37d1981daa425b123.js:1:868429)
    at t.next (https://arvi.sanomapro.fi/main.c3c37d1981daa425b123.js:1:867574)
    at t._next (https://arvi.sanomapro.fi/main.c3c37d1981daa425b123.js:1:866650) @ https://arvi.sanomapro.fi/main.c3c37d1981daa425b123.js:0
[ 1221252ms] [ERROR] Error: Parameter "key" required
    at e.instant (https://arvi.sanomapro.fi/main.c3c37d1981daa425b123.js:1:607532)
    at https://arvi.sanomapro.fi/main.c3c37d1981daa425b123.js:1:3768194
    at fn (eval at compile (https://arvi.sanomapro.fi/main.c3c37d1981daa425b123.js:1:1008937), <anonymous>:4:227)
    at https://arvi.sanomapro.fi/main.c3c37d1981daa425b123.js:1:990070
    at u.$digest (https://arvi.sanomapro.fi/main.c3c37d1981daa425b123.js:1:998074)
    at https://arvi.sanomapro.fi/main.c3c37d1981daa425b123.js:1:3297561
    at t.o [as _next] (https://arvi.sanomapro.fi/main.c3c37d1981daa425b123.js:1:716529)
    at t.__tryOrUnsub (https://arvi.sanomapro.fi/main.c3c37d1981daa425b123.js:1:868429)
    at t.next (https://arvi.sanomapro.fi/main.c3c37d1981daa425b123.js:1:867574)
    at t._next (https://arvi.sanomapro.fi/main.c3c37d1981daa425b123.js:1:866650) @ https://arvi.sanomapro.fi/main.c3c37d1981daa425b123.js:0
[ 1221268ms] [ERROR] Error: Parameter "key" required
    at e.instant (https://arvi.sanomapro.fi/main.c3c37d1981daa425b123.js:1:607532)
    at https://arvi.sanomapro.fi/main.c3c37d1981daa425b123.js:1:3768194
    at fn (eval at compile (https://arvi.sanomapro.fi/main.c3c37d1981daa425b123.js:1:1008937), <anonymous>:4:227)
    at https://arvi.sanomapro.fi/main.c3c37d1981daa425b123.js:1:990070
    at u.$digest (https://arvi.sanomapro.fi/main.c3c37d1981daa425b123.js:1:998074)
    at https://arvi.sanomapro.fi/main.c3c37d1981daa425b123.js:1:3297561
    at t.o [as _next] (https://arvi.sanomapro.fi/main.c3c37d1981daa425b123.js:1:716529)
    at t.__tryOrUnsub (https://arvi.sanomapro.fi/main.c3c37d1981daa425b123.js:1:868429)
    at t.next (https://arvi.sanomapro.fi/main.c3c37d1981daa425b123.js:1:867574)
    at t._next (https://arvi.sanomapro.fi/main.c3c37d1981daa425b123.js:1:866650) @ https://arvi.sanomapro.fi/main.c3c37d1981daa425b123.js:0
[ 1221285ms] [ERROR] Error: Parameter "key" required
    at e.instant (https://arvi.sanomapro.fi/main.c3c37d1981daa425b123.js:1:607532)
    at https://arvi.sanomapro.fi/main.c3c37d1981daa425b123.js:1:3768194
    at fn (eval at compile (https://arvi.sanomapro.fi/main.c3c37d1981daa425b123.js:1:1008937), <anonymous>:4:227)
    at https://arvi.sanomapro.fi/main.c3c37d1981daa425b123.js:1:990070
    at u.$digest (https://arvi.sanomapro.fi/main.c3c37d1981daa425b123.js:1:998074)
    at https://arvi.sanomapro.fi/main.c3c37d1981daa425b123.js:1:3297561
    at t.o [as _next] (https://arvi.sanomapro.fi/main.c3c37d1981daa425b123.js:1:716529)
    at t.__tryOrUnsub (https://arvi.sanomapro.fi/main.c3c37d1981daa425b123.js:1:868429)
    at t.next (https://arvi.sanomapro.fi/main.c3c37d1981daa425b123.js:1:867574)
    at t._next (https://arvi.sanomapro.fi/main.c3c37d1981daa425b123.js:1:866650) @ https://arvi.sanomapro.fi/main.c3c37d1981daa425b123.js:0
[ 1221301ms] [ERROR] Error: Parameter "key" required
    at e.instant (https://arvi.sanomapro.fi/main.c3c37d1981daa425b123.js:1:607532)
    at https://arvi.sanomapro.fi/main.c3c37d1981daa425b123.js:1:3768194
    at fn (eval at compile (https://arvi.sanomapro.fi/main.c3c37d1981daa425b123.js:1:1008937), <anonymous>:4:227)
    at https://arvi.sanomapro.fi/main.c3c37d1981daa425b123.js:1:990070
    at u.$digest (https://arvi.sanomapro.fi/main.c3c37d1981daa425b123.js:1:998074)
    at https://arvi.sanomapro.fi/main.c3c37d1981daa425b123.js:1:3297561
    at t.o [as _next] (https://arvi.sanomapro.fi/main.c3c37d1981daa425b123.js:1:716529)
    at t.__tryOrUnsub (https://arvi.sanomapro.fi/main.c3c37d1981daa425b123.js:1:868429)
    at t.next (https://arvi.sanomapro.fi/main.c3c37d1981daa425b123.js:1:867574)
    at t._next (https://arvi.sanomapro.fi/main.c3c37d1981daa425b123.js:1:866650) @ https://arvi.sanomapro.fi/main.c3c37d1981daa425b123.js:0
[ 1221318ms] [ERROR] Error: Parameter "key" required
    at e.instant (https://arvi.sanomapro.fi/main.c3c37d1981daa425b123.js:1:607532)
    at https://arvi.sanomapro.fi/main.c3c37d1981daa425b123.js:1:3768194
    at fn (eval at compile (https://arvi.sanomapro.fi/main.c3c37d1981daa425b123.js:1:1008937), <anonymous>:4:227)
    at https://arvi.sanomapro.fi/main.c3c37d1981daa425b123.js:1:990070
    at u.$digest (https://arvi.sanomapro.fi/main.c3c37d1981daa425b123.js:1:998074)
    at https://arvi.sanomapro.fi/main.c3c37d1981daa425b123.js:1:3297561
    at t.o [as _next] (https://arvi.sanomapro.fi/main.c3c37d1981daa425b123.js:1:716529)
    at t.__tryOrUnsub (https://arvi.sanomapro.fi/main.c3c37d1981daa425b123.js:1:868429)
    at t.next (https://arvi.sanomapro.fi/main.c3c37d1981daa425b123.js:1:867574)
    at t._next (https://arvi.sanomapro.fi/main.c3c37d1981daa425b123.js:1:866650) @ https://arvi.sanomapro.fi/main.c3c37d1981daa425b123.js:0
[ 1221335ms] [ERROR] Error: Parameter "key" required
    at e.instant (https://arvi.sanomapro.fi/main.c3c37d1981daa425b123.js:1:607532)
    at https://arvi.sanomapro.fi/main.c3c37d1981daa425b123.js:1:3768194
    at fn (eval at compile (https://arvi.sanomapro.fi/main.c3c37d1981daa425b123.js:1:1008937), <anonymous>:4:227)
    at https://arvi.sanomapro.fi/main.c3c37d1981daa425b123.js:1:990070
    at u.$digest (https://arvi.sanomapro.fi/main.c3c37d1981daa425b123.js:1:998074)
    at https://arvi.sanomapro.fi/main.c3c37d1981daa425b123.js:1:3297561
    at t.o [as _next] (https://arvi.sanomapro.fi/main.c3c37d1981daa425b123.js:1:716529)
    at t.__tryOrUnsub (https://arvi.sanomapro.fi/main.c3c37d1981daa425b123.js:1:868429)
    at t.next (https://arvi.sanomapro.fi/main.c3c37d1981daa425b123.js:1:867574)
    at t._next (https://arvi.sanomapro.fi/main.c3c37d1981daa425b123.js:1:866650) @ https://arvi.sanomapro.fi/main.c3c37d1981daa425b123.js:0
[ 1221351ms] [ERROR] Error: Parameter "key" required
    at e.instant (https://arvi.sanomapro.fi/main.c3c37d1981daa425b123.js:1:607532)
    at https://arvi.sanomapro.fi/main.c3c37d1981daa425b123.js:1:3768194
    at fn (eval at compile (https://arvi.sanomapro.fi/main.c3c37d1981daa425b123.js:1:1008937), <anonymous>:4:227)
    at https://arvi.sanomapro.fi/main.c3c37d1981daa425b123.js:1:990070
    at u.$digest (https://arvi.sanomapro.fi/main.c3c37d1981daa425b123.js:1:998074)
    at https://arvi.sanomapro.fi/main.c3c37d1981daa425b123.js:1:3297561
    at t.o [as _next] (https://arvi.sanomapro.fi/main.c3c37d1981daa425b123.js:1:716529)
    at t.__tryOrUnsub (https://arvi.sanomapro.fi/main.c3c37d1981daa425b123.js:1:868429)
    at t.next (https://arvi.sanomapro.fi/main.c3c37d1981daa425b123.js:1:867574)
    at t._next (https://arvi.sanomapro.fi/main.c3c37d1981daa425b123.js:1:866650) @ https://arvi.sanomapro.fi/main.c3c37d1981daa425b123.js:0
[ 1221368ms] [ERROR] Error: Parameter "key" required
    at e.instant (https://arvi.sanomapro.fi/main.c3c37d1981daa425b123.js:1:607532)
    at https://arvi.sanomapro.fi/main.c3c37d1981daa425b123.js:1:3768194
    at fn (eval at compile (https://arvi.sanomapro.fi/main.c3c37d1981daa425b123.js:1:1008937), <anonymous>:4:227)
    at https://arvi.sanomapro.fi/main.c3c37d1981daa425b123.js:1:990070
    at u.$digest (https://arvi.sanomapro.fi/main.c3c37d1981daa425b123.js:1:998074)
    at https://arvi.sanomapro.fi/main.c3c37d1981daa425b123.js:1:3297561
    at t.o [as _next] (https://arvi.sanomapro.fi/main.c3c37d1981daa425b123.js:1:716529)
    at t.__tryOrUnsub (https://arvi.sanomapro.fi/main.c3c37d1981daa425b123.js:1:868429)
    at t.next (https://arvi.sanomapro.fi/main.c3c37d1981daa425b123.js:1:867574)
    at t._next (https://arvi.sanomapro.fi/main.c3c37d1981daa425b123.js:1:866650) @ https://arvi.sanomapro.fi/main.c3c37d1981daa425b123.js:0
[ 1221384ms] [ERROR] Error: Parameter "key" required
    at e.instant (https://arvi.sanomapro.fi/main.c3c37d1981daa425b123.js:1:607532)
    at https://arvi.sanomapro.fi/main.c3c37d1981daa425b123.js:1:3768194
    at fn (eval at compile (https://arvi.sanomapro.fi/main.c3c37d1981daa425b123.js:1:1008937), <anonymous>:4:227)
    at https://arvi.sanomapro.fi/main.c3c37d1981daa425b123.js:1:990070
    at u.$digest (https://arvi.sanomapro.fi/main.c3c37d1981daa425b123.js:1:998074)
    at https://arvi.sanomapro.fi/main.c3c37d1981daa425b123.js:1:3297561
    at t.o [as _next] (https://arvi.sanomapro.fi/main.c3c37d1981daa425b123.js:1:716529)
    at t.__tryOrUnsub (https://arvi.sanomapro.fi/main.c3c37d1981daa425b123.js:1:868429)
    at t.next (https://arvi.sanomapro.fi/main.c3c37d1981daa425b123.js:1:867574)
    at t._next (https://arvi.sanomapro.fi/main.c3c37d1981daa425b123.js:1:866650) @ https://arvi.sanomapro.fi/main.c3c37d1981daa425b123.js:0
[ 1221401ms] [ERROR] Error: Parameter "key" required
    at e.instant (https://arvi.sanomapro.fi/main.c3c37d1981daa425b123.js:1:607532)
    at https://arvi.sanomapro.fi/main.c3c37d1981daa425b123.js:1:3768194
    at fn (eval at compile (https://arvi.sanomapro.fi/main.c3c37d1981daa425b123.js:1:1008937), <anonymous>:4:227)
    at https://arvi.sanomapro.fi/main.c3c37d1981daa425b123.js:1:990070
    at u.$digest (https://arvi.sanomapro.fi/main.c3c37d1981daa425b123.js:1:998074)
    at https://arvi.sanomapro.fi/main.c3c37d1981daa425b123.js:1:3297561
    at t.o [as _next] (https://arvi.sanomapro.fi/main.c3c37d1981daa425b123.js:1:716529)
    at t.__tryOrUnsub (https://arvi.sanomapro.fi/main.c3c37d1981daa425b123.js:1:868429)
    at t.next (https://arvi.sanomapro.fi/main.c3c37d1981daa425b123.js:1:867574)
    at t._next (https://arvi.sanomapro.fi/main.c3c37d1981daa425b123.js:1:866650) @ https://arvi.sanomapro.fi/main.c3c37d1981daa425b123.js:0
[ 1221418ms] [ERROR] Error: Parameter "key" required
    at e.instant (https://arvi.sanomapro.fi/main.c3c37d1981daa425b123.js:1:607532)
    at https://arvi.sanomapro.fi/main.c3c37d1981daa425b123.js:1:3768194
    at fn (eval at compile (https://arvi.sanomapro.fi/main.c3c37d1981daa425b123.js:1:1008937), <anonymous>:4:227)
    at https://arvi.sanomapro.fi/main.c3c37d1981daa425b123.js:1:990070
    at u.$digest (https://arvi.sanomapro.fi/main.c3c37d1981daa425b123.js:1:998074)
    at https://arvi.sanomapro.fi/main.c3c37d1981daa425b123.js:1:3297561
    at t.o [as _next] (https://arvi.sanomapro.fi/main.c3c37d1981daa425b123.js:1:716529)
    at t.__tryOrUnsub (https://arvi.sanomapro.fi/main.c3c37d1981daa425b123.js:1:868429)
    at t.next (https://arvi.sanomapro.fi/main.c3c37d1981daa425b123.js:1:867574)
    at t._next (https://arvi.sanomapro.fi/main.c3c37d1981daa425b123.js:1:866650) @ https://arvi.sanomapro.fi/main.c3c37d1981daa425b123.js:0
[ 1221485ms] [ERROR] Error: Parameter "key" required
    at e.instant (https://arvi.sanomapro.fi/main.c3c37d1981daa425b123.js:1:607532)
    at https://arvi.sanomapro.fi/main.c3c37d1981daa425b123.js:1:3768194
    at fn (eval at compile (https://arvi.sanomapro.fi/main.c3c37d1981daa425b123.js:1:1008937), <anonymous>:4:227)
    at https://arvi.sanomapro.fi/main.c3c37d1981daa425b123.js:1:990070
    at u.$digest (https://arvi.sanomapro.fi/main.c3c37d1981daa425b123.js:1:998074)
    at https://arvi.sanomapro.fi/main.c3c37d1981daa425b123.js:1:3297561
    at t.o [as _next] (https://arvi.sanomapro.fi/main.c3c37d1981daa425b123.js:1:716529)
    at t.__tryOrUnsub (https://arvi.sanomapro.fi/main.c3c37d1981daa425b123.js:1:868429)
    at t.next (https://arvi.sanomapro.fi/main.c3c37d1981daa425b123.js:1:867574)
    at t._next (https://arvi.sanomapro.fi/main.c3c37d1981daa425b123.js:1:866650) @ https://arvi.sanomapro.fi/main.c3c37d1981daa425b123.js:0
[ 1221503ms] [ERROR] Error: Parameter "key" required
    at e.instant (https://arvi.sanomapro.fi/main.c3c37d1981daa425b123.js:1:607532)
    at https://arvi.sanomapro.fi/main.c3c37d1981daa425b123.js:1:3768194
    at fn (eval at compile (https://arvi.sanomapro.fi/main.c3c37d1981daa425b123.js:1:1008937), <anonymous>:4:227)
    at https://arvi.sanomapro.fi/main.c3c37d1981daa425b123.js:1:990070
    at u.$digest (https://arvi.sanomapro.fi/main.c3c37d1981daa425b123.js:1:998074)
    at https://arvi.sanomapro.fi/main.c3c37d1981daa425b123.js:1:3297561
    at t.o [as _next] (https://arvi.sanomapro.fi/main.c3c37d1981daa425b123.js:1:716529)
    at t.__tryOrUnsub (https://arvi.sanomapro.fi/main.c3c37d1981daa425b123.js:1:868429)
    at t.next (https://arvi.sanomapro.fi/main.c3c37d1981daa425b123.js:1:867574)
    at t._next (https://arvi.sanomapro.fi/main.c3c37d1981daa425b123.js:1:866650) @ https://arvi.sanomapro.fi/main.c3c37d1981daa425b123.js:0
[ 1221519ms] [ERROR] Error: Parameter "key" required
    at e.instant (https://arvi.sanomapro.fi/main.c3c37d1981daa425b123.js:1:607532)
    at https://arvi.sanomapro.fi/main.c3c37d1981daa425b123.js:1:3768194
    at fn (eval at compile (https://arvi.sanomapro.fi/main.c3c37d1981daa425b123.js:1:1008937), <anonymous>:4:227)
    at https://arvi.sanomapro.fi/main.c3c37d1981daa425b123.js:1:990070
    at u.$digest (https://arvi.sanomapro.fi/main.c3c37d1981daa425b123.js:1:998074)
    at https://arvi.sanomapro.fi/main.c3c37d1981daa425b123.js:1:3297561
    at t.o [as _next] (https://arvi.sanomapro.fi/main.c3c37d1981daa425b123.js:1:716529)
    at t.__tryOrUnsub (https://arvi.sanomapro.fi/main.c3c37d1981daa425b123.js:1:868429)
    at t.next (https://arvi.sanomapro.fi/main.c3c37d1981daa425b123.js:1:867574)
    at t._next (https://arvi.sanomapro.fi/main.c3c37d1981daa425b123.js:1:866650) @ https://arvi.sanomapro.fi/main.c3c37d1981daa425b123.js:0
[ 1221536ms] [ERROR] Error: Parameter "key" required
    at e.instant (https://arvi.sanomapro.fi/main.c3c37d1981daa425b123.js:1:607532)
    at https://arvi.sanomapro.fi/main.c3c37d1981daa425b123.js:1:3768194
    at fn (eval at compile (https://arvi.sanomapro.fi/main.c3c37d1981daa425b123.js:1:1008937), <anonymous>:4:227)
    at https://arvi.sanomapro.fi/main.c3c37d1981daa425b123.js:1:990070
    at u.$digest (https://arvi.sanomapro.fi/main.c3c37d1981daa425b123.js:1:998074)
    at https://arvi.sanomapro.fi/main.c3c37d1981daa425b123.js:1:3297561
    at t.o [as _next] (https://arvi.sanomapro.fi/main.c3c37d1981daa425b123.js:1:716529)
    at t.__tryOrUnsub (https://arvi.sanomapro.fi/main.c3c37d1981daa425b123.js:1:868429)
    at t.next (https://arvi.sanomapro.fi/main.c3c37d1981daa425b123.js:1:867574)
    at t._next (https://arvi.sanomapro.fi/main.c3c37d1981daa425b123.js:1:866650) @ https://arvi.sanomapro.fi/main.c3c37d1981daa425b123.js:0
[ 1221552ms] [ERROR] Error: Parameter "key" required
    at e.instant (https://arvi.sanomapro.fi/main.c3c37d1981daa425b123.js:1:607532)
    at https://arvi.sanomapro.fi/main.c3c37d1981daa425b123.js:1:3768194
    at fn (eval at compile (https://arvi.sanomapro.fi/main.c3c37d1981daa425b123.js:1:1008937), <anonymous>:4:227)
    at https://arvi.sanomapro.fi/main.c3c37d1981daa425b123.js:1:990070
    at u.$digest (https://arvi.sanomapro.fi/main.c3c37d1981daa425b123.js:1:998074)
    at https://arvi.sanomapro.fi/main.c3c37d1981daa425b123.js:1:3297561
    at t.o [as _next] (https://arvi.sanomapro.fi/main.c3c37d1981daa425b123.js:1:716529)
    at t.__tryOrUnsub (https://arvi.sanomapro.fi/main.c3c37d1981daa425b123.js:1:868429)
    at t.next (https://arvi.sanomapro.fi/main.c3c37d1981daa425b123.js:1:867574)
    at t._next (https://arvi.sanomapro.fi/main.c3c37d1981daa425b123.js:1:866650) @ https://arvi.sanomapro.fi/main.c3c37d1981daa425b123.js:0
[ 1221568ms] [ERROR] Error: Parameter "key" required
    at e.instant (https://arvi.sanomapro.fi/main.c3c37d1981daa425b123.js:1:607532)
    at https://arvi.sanomapro.fi/main.c3c37d1981daa425b123.js:1:3768194
    at fn (eval at compile (https://arvi.sanomapro.fi/main.c3c37d1981daa425b123.js:1:1008937), <anonymous>:4:227)
    at https://arvi.sanomapro.fi/main.c3c37d1981daa425b123.js:1:990070
    at u.$digest (https://arvi.sanomapro.fi/main.c3c37d1981daa425b123.js:1:998074)
    at https://arvi.sanomapro.fi/main.c3c37d1981daa425b123.js:1:3297561
    at t.o [as _next] (https://arvi.sanomapro.fi/main.c3c37d1981daa425b123.js:1:716529)
    at t.__tryOrUnsub (https://arvi.sanomapro.fi/main.c3c37d1981daa425b123.js:1:868429)
    at t.next (https://arvi.sanomapro.fi/main.c3c37d1981daa425b123.js:1:867574)
    at t._next (https://arvi.sanomapro.fi/main.c3c37d1981daa425b123.js:1:866650) @ https://arvi.sanomapro.fi/main.c3c37d1981daa425b123.js:0
[ 1221586ms] [ERROR] Error: Parameter "key" required
    at e.instant (https://arvi.sanomapro.fi/main.c3c37d1981daa425b123.js:1:607532)
    at https://arvi.sanomapro.fi/main.c3c37d1981daa425b123.js:1:3768194
    at fn (eval at compile (https://arvi.sanomapro.fi/main.c3c37d1981daa425b123.js:1:1008937), <anonymous>:4:227)
    at https://arvi.sanomapro.fi/main.c3c37d1981daa425b123.js:1:990070
    at u.$digest (https://arvi.sanomapro.fi/main.c3c37d1981daa425b123.js:1:998074)
    at https://arvi.sanomapro.fi/main.c3c37d1981daa425b123.js:1:3297561
    at t.o [as _next] (https://arvi.sanomapro.fi/main.c3c37d1981daa425b123.js:1:716529)
    at t.__tryOrUnsub (https://arvi.sanomapro.fi/main.c3c37d1981daa425b123.js:1:868429)
    at t.next (https://arvi.sanomapro.fi/main.c3c37d1981daa425b123.js:1:867574)
    at t._next (https://arvi.sanomapro.fi/main.c3c37d1981daa425b123.js:1:866650) @ https://arvi.sanomapro.fi/main.c3c37d1981daa425b123.js:0
[ 1221601ms] [ERROR] Error: Parameter "key" required
    at e.instant (https://arvi.sanomapro.fi/main.c3c37d1981daa425b123.js:1:607532)
    at https://arvi.sanomapro.fi/main.c3c37d1981daa425b123.js:1:3768194
    at fn (eval at compile (https://arvi.sanomapro.fi/main.c3c37d1981daa425b123.js:1:1008937), <anonymous>:4:227)
    at https://arvi.sanomapro.fi/main.c3c37d1981daa425b123.js:1:990070
    at u.$digest (https://arvi.sanomapro.fi/main.c3c37d1981daa425b123.js:1:998074)
    at https://arvi.sanomapro.fi/main.c3c37d1981daa425b123.js:1:3297561
    at t.o [as _next] (https://arvi.sanomapro.fi/main.c3c37d1981daa425b123.js:1:716529)
    at t.__tryOrUnsub (https://arvi.sanomapro.fi/main.c3c37d1981daa425b123.js:1:868429)
    at t.next (https://arvi.sanomapro.fi/main.c3c37d1981daa425b123.js:1:867574)
    at t._next (https://arvi.sanomapro.fi/main.c3c37d1981daa425b123.js:1:866650) @ https://arvi.sanomapro.fi/main.c3c37d1981daa425b123.js:0
[ 1221618ms] [ERROR] Error: Parameter "key" required
    at e.instant (https://arvi.sanomapro.fi/main.c3c37d1981daa425b123.js:1:607532)
    at https://arvi.sanomapro.fi/main.c3c37d1981daa425b123.js:1:3768194
    at fn (eval at compile (https://arvi.sanomapro.fi/main.c3c37d1981daa425b123.js:1:1008937), <anonymous>:4:227)
    at https://arvi.sanomapro.fi/main.c3c37d1981daa425b123.js:1:990070
    at u.$digest (https://arvi.sanomapro.fi/main.c3c37d1981daa425b123.js:1:998074)
    at https://arvi.sanomapro.fi/main.c3c37d1981daa425b123.js:1:3297561
    at t.o [as _next] (https://arvi.sanomapro.fi/main.c3c37d1981daa425b123.js:1:716529)
    at t.__tryOrUnsub (https://arvi.sanomapro.fi/main.c3c37d1981daa425b123.js:1:868429)
    at t.next (https://arvi.sanomapro.fi/main.c3c37d1981daa425b123.js:1:867574)
    at t._next (https://arvi.sanomapro.fi/main.c3c37d1981daa425b123.js:1:866650) @ https://arvi.sanomapro.fi/main.c3c37d1981daa425b123.js:0
[ 1221635ms] [ERROR] Error: Parameter "key" required
    at e.instant (https://arvi.sanomapro.fi/main.c3c37d1981daa425b123.js:1:607532)
    at https://arvi.sanomapro.fi/main.c3c37d1981daa425b123.js:1:3768194
    at fn (eval at compile (https://arvi.sanomapro.fi/main.c3c37d1981daa425b123.js:1:1008937), <anonymous>:4:227)
    at https://arvi.sanomapro.fi/main.c3c37d1981daa425b123.js:1:990070
    at u.$digest (https://arvi.sanomapro.fi/main.c3c37d1981daa425b123.js:1:998074)
    at https://arvi.sanomapro.fi/main.c3c37d1981daa425b123.js:1:3297561
    at t.o [as _next] (https://arvi.sanomapro.fi/main.c3c37d1981daa425b123.js:1:716529)
    at t.__tryOrUnsub (https://arvi.sanomapro.fi/main.c3c37d1981daa425b123.js:1:868429)
    at t.next (https://arvi.sanomapro.fi/main.c3c37d1981daa425b123.js:1:867574)
    at t._next (https://arvi.sanomapro.fi/main.c3c37d1981daa425b123.js:1:866650) @ https://arvi.sanomapro.fi/main.c3c37d1981daa425b123.js:0
[ 1221651ms] [ERROR] Error: Parameter "key" required
    at e.instant (https://arvi.sanomapro.fi/main.c3c37d1981daa425b123.js:1:607532)
    at https://arvi.sanomapro.fi/main.c3c37d1981daa425b123.js:1:3768194
    at fn (eval at compile (https://arvi.sanomapro.fi/main.c3c37d1981daa425b123.js:1:1008937), <anonymous>:4:227)
    at https://arvi.sanomapro.fi/main.c3c37d1981daa425b123.js:1:990070
    at u.$digest (https://arvi.sanomapro.fi/main.c3c37d1981daa425b123.js:1:998074)
    at https://arvi.sanomapro.fi/main.c3c37d1981daa425b123.js:1:3297561
    at t.o [as _next] (https://arvi.sanomapro.fi/main.c3c37d1981daa425b123.js:1:716529)
    at t.__tryOrUnsub (https://arvi.sanomapro.fi/main.c3c37d1981daa425b123.js:1:868429)
    at t.next (https://arvi.sanomapro.fi/main.c3c37d1981daa425b123.js:1:867574)
    at t._next (https://arvi.sanomapro.fi/main.c3c37d1981daa425b123.js:1:866650) @ https://arvi.sanomapro.fi/main.c3c37d1981daa425b123.js:0
[ 1221667ms] [ERROR] Error: Parameter "key" required
    at e.instant (https://arvi.sanomapro.fi/main.c3c37d1981daa425b123.js:1:607532)
    at https://arvi.sanomapro.fi/main.c3c37d1981daa425b123.js:1:3768194
    at fn (eval at compile (https://arvi.sanomapro.fi/main.c3c37d1981daa425b123.js:1:1008937), <anonymous>:4:227)
    at https://arvi.sanomapro.fi/main.c3c37d1981daa425b123.js:1:990070
    at u.$digest (https://arvi.sanomapro.fi/main.c3c37d1981daa425b123.js:1:998074)
    at https://arvi.sanomapro.fi/main.c3c37d1981daa425b123.js:1:3297561
    at t.o [as _next] (https://arvi.sanomapro.fi/main.c3c37d1981daa425b123.js:1:716529)
    at t.__tryOrUnsub (https://arvi.sanomapro.fi/main.c3c37d1981daa425b123.js:1:868429)
    at t.next (https://arvi.sanomapro.fi/main.c3c37d1981daa425b123.js:1:867574)
    at t._next (https://arvi.sanomapro.fi/main.c3c37d1981daa425b123.js:1:866650) @ https://arvi.sanomapro.fi/main.c3c37d1981daa425b123.js:0
[ 1221668ms] [ERROR] Error: Parameter "key" required
    at e.instant (https://arvi.sanomapro.fi/main.c3c37d1981daa425b123.js:1:607532)
    at https://arvi.sanomapro.fi/main.c3c37d1981daa425b123.js:1:3768194
    at fn (eval at compile (https://arvi.sanomapro.fi/main.c3c37d1981daa425b123.js:1:1008937), <anonymous>:4:227)
    at https://arvi.sanomapro.fi/main.c3c37d1981daa425b123.js:1:990070
    at u.$digest (https://arvi.sanomapro.fi/main.c3c37d1981daa425b123.js:1:998074)
    at https://arvi.sanomapro.fi/main.c3c37d1981daa425b123.js:1:3297561
    at t.o [as _next] (https://arvi.sanomapro.fi/main.c3c37d1981daa425b123.js:1:716529)
    at t.__tryOrUnsub (https://arvi.sanomapro.fi/main.c3c37d1981daa425b123.js:1:868429)
    at t.next (https://arvi.sanomapro.fi/main.c3c37d1981daa425b123.js:1:867574)
    at t._next (https://arvi.sanomapro.fi/main.c3c37d1981daa425b123.js:1:866650) @ https://arvi.sanomapro.fi/main.c3c37d1981daa425b123.js:0
[ 1221684ms] [ERROR] Error: Parameter "key" required
    at e.instant (https://arvi.sanomapro.fi/main.c3c37d1981daa425b123.js:1:607532)
    at https://arvi.sanomapro.fi/main.c3c37d1981daa425b123.js:1:3768194
    at fn (eval at compile (https://arvi.sanomapro.fi/main.c3c37d1981daa425b123.js:1:1008937), <anonymous>:4:227)
    at https://arvi.sanomapro.fi/main.c3c37d1981daa425b123.js:1:990070
    at u.$digest (https://arvi.sanomapro.fi/main.c3c37d1981daa425b123.js:1:998074)
    at https://arvi.sanomapro.fi/main.c3c37d1981daa425b123.js:1:3297561
    at t.o [as _next] (https://arvi.sanomapro.fi/main.c3c37d1981daa425b123.js:1:716529)
    at t.__tryOrUnsub (https://arvi.sanomapro.fi/main.c3c37d1981daa425b123.js:1:868429)
    at t.next (https://arvi.sanomapro.fi/main.c3c37d1981daa425b123.js:1:867574)
    at t._next (https://arvi.sanomapro.fi/main.c3c37d1981daa425b123.js:1:866650) @ https://arvi.sanomapro.fi/main.c3c37d1981daa425b123.js:0
[ 1221701ms] [ERROR] Error: Parameter "key" required
    at e.instant (https://arvi.sanomapro.fi/main.c3c37d1981daa425b123.js:1:607532)
    at https://arvi.sanomapro.fi/main.c3c37d1981daa425b123.js:1:3768194
    at fn (eval at compile (https://arvi.sanomapro.fi/main.c3c37d1981daa425b123.js:1:1008937), <anonymous>:4:227)
    at https://arvi.sanomapro.fi/main.c3c37d1981daa425b123.js:1:990070
    at u.$digest (https://arvi.sanomapro.fi/main.c3c37d1981daa425b123.js:1:998074)
    at https://arvi.sanomapro.fi/main.c3c37d1981daa425b123.js:1:3297561
    at t.o [as _next] (https://arvi.sanomapro.fi/main.c3c37d1981daa425b123.js:1:716529)
    at t.__tryOrUnsub (https://arvi.sanomapro.fi/main.c3c37d1981daa425b123.js:1:868429)
    at t.next (https://arvi.sanomapro.fi/main.c3c37d1981daa425b123.js:1:867574)
    at t._next (https://arvi.sanomapro.fi/main.c3c37d1981daa425b123.js:1:866650) @ https://arvi.sanomapro.fi/main.c3c37d1981daa425b123.js:0
[ 1221718ms] [ERROR] Error: Parameter "key" required
    at e.instant (https://arvi.sanomapro.fi/main.c3c37d1981daa425b123.js:1:607532)
    at https://arvi.sanomapro.fi/main.c3c37d1981daa425b123.js:1:3768194
    at fn (eval at compile (https://arvi.sanomapro.fi/main.c3c37d1981daa425b123.js:1:1008937), <anonymous>:4:227)
    at https://arvi.sanomapro.fi/main.c3c37d1981daa425b123.js:1:990070
    at u.$digest (https://arvi.sanomapro.fi/main.c3c37d1981daa425b123.js:1:998074)
    at https://arvi.sanomapro.fi/main.c3c37d1981daa425b123.js:1:3297561
    at t.o [as _next] (https://arvi.sanomapro.fi/main.c3c37d1981daa425b123.js:1:716529)
    at t.__tryOrUnsub (https://arvi.sanomapro.fi/main.c3c37d1981daa425b123.js:1:868429)
    at t.next (https://arvi.sanomapro.fi/main.c3c37d1981daa425b123.js:1:867574)
    at t._next (https://arvi.sanomapro.fi/main.c3c37d1981daa425b123.js:1:866650) @ https://arvi.sanomapro.fi/main.c3c37d1981daa425b123.js:0
[ 1221734ms] [ERROR] Error: Parameter "key" required
    at e.instant (https://arvi.sanomapro.fi/main.c3c37d1981daa425b123.js:1:607532)
    at https://arvi.sanomapro.fi/main.c3c37d1981daa425b123.js:1:3768194
    at fn (eval at compile (https://arvi.sanomapro.fi/main.c3c37d1981daa425b123.js:1:1008937), <anonymous>:4:227)
    at https://arvi.sanomapro.fi/main.c3c37d1981daa425b123.js:1:990070
    at u.$digest (https://arvi.sanomapro.fi/main.c3c37d1981daa425b123.js:1:998074)
    at https://arvi.sanomapro.fi/main.c3c37d1981daa425b123.js:1:3297561
    at t.o [as _next] (https://arvi.sanomapro.fi/main.c3c37d1981daa425b123.js:1:716529)
    at t.__tryOrUnsub (https://arvi.sanomapro.fi/main.c3c37d1981daa425b123.js:1:868429)
    at t.next (https://arvi.sanomapro.fi/main.c3c37d1981daa425b123.js:1:867574)
    at t._next (https://arvi.sanomapro.fi/main.c3c37d1981daa425b123.js:1:866650) @ https://arvi.sanomapro.fi/main.c3c37d1981daa425b123.js:0
[ 1221735ms] [ERROR] Error: Parameter "key" required
    at e.instant (https://arvi.sanomapro.fi/main.c3c37d1981daa425b123.js:1:607532)
    at https://arvi.sanomapro.fi/main.c3c37d1981daa425b123.js:1:3768194
    at fn (eval at compile (https://arvi.sanomapro.fi/main.c3c37d1981daa425b123.js:1:1008937), <anonymous>:4:227)
    at https://arvi.sanomapro.fi/main.c3c37d1981daa425b123.js:1:990070
    at u.$digest (https://arvi.sanomapro.fi/main.c3c37d1981daa425b123.js:1:998074)
    at https://arvi.sanomapro.fi/main.c3c37d1981daa425b123.js:1:3297561
    at t.o [as _next] (https://arvi.sanomapro.fi/main.c3c37d1981daa425b123.js:1:716529)
    at t.__tryOrUnsub (https://arvi.sanomapro.fi/main.c3c37d1981daa425b123.js:1:868429)
    at t.next (https://arvi.sanomapro.fi/main.c3c37d1981daa425b123.js:1:867574)
    at t._next (https://arvi.sanomapro.fi/main.c3c37d1981daa425b123.js:1:866650) @ https://arvi.sanomapro.fi/main.c3c37d1981daa425b123.js:0
[ 1221751ms] [ERROR] Error: Parameter "key" required
    at e.instant (https://arvi.sanomapro.fi/main.c3c37d1981daa425b123.js:1:607532)
    at https://arvi.sanomapro.fi/main.c3c37d1981daa425b123.js:1:3768194
    at fn (eval at compile (https://arvi.sanomapro.fi/main.c3c37d1981daa425b123.js:1:1008937), <anonymous>:4:227)
    at https://arvi.sanomapro.fi/main.c3c37d1981daa425b123.js:1:990070
    at u.$digest (https://arvi.sanomapro.fi/main.c3c37d1981daa425b123.js:1:998074)
    at https://arvi.sanomapro.fi/main.c3c37d1981daa425b123.js:1:3297561
    at t.o [as _next] (https://arvi.sanomapro.fi/main.c3c37d1981daa425b123.js:1:716529)
    at t.__tryOrUnsub (https://arvi.sanomapro.fi/main.c3c37d1981daa425b123.js:1:868429)
    at t.next (https://arvi.sanomapro.fi/main.c3c37d1981daa425b123.js:1:867574)
    at t._next (https://arvi.sanomapro.fi/main.c3c37d1981daa425b123.js:1:866650) @ https://arvi.sanomapro.fi/main.c3c37d1981daa425b123.js:0
[ 1221768ms] [ERROR] Error: Parameter "key" required
    at e.instant (https://arvi.sanomapro.fi/main.c3c37d1981daa425b123.js:1:607532)
    at https://arvi.sanomapro.fi/main.c3c37d1981daa425b123.js:1:3768194
    at fn (eval at compile (https://arvi.sanomapro.fi/main.c3c37d1981daa425b123.js:1:1008937), <anonymous>:4:227)
    at https://arvi.sanomapro.fi/main.c3c37d1981daa425b123.js:1:990070
    at u.$digest (https://arvi.sanomapro.fi/main.c3c37d1981daa425b123.js:1:998074)
    at https://arvi.sanomapro.fi/main.c3c37d1981daa425b123.js:1:3297561
    at t.o [as _next] (https://arvi.sanomapro.fi/main.c3c37d1981daa425b123.js:1:716529)
    at t.__tryOrUnsub (https://arvi.sanomapro.fi/main.c3c37d1981daa425b123.js:1:868429)
    at t.next (https://arvi.sanomapro.fi/main.c3c37d1981daa425b123.js:1:867574)
    at t._next (https://arvi.sanomapro.fi/main.c3c37d1981daa425b123.js:1:866650) @ https://arvi.sanomapro.fi/main.c3c37d1981daa425b123.js:0
[ 1221784ms] [ERROR] Error: Parameter "key" required
    at e.instant (https://arvi.sanomapro.fi/main.c3c37d1981daa425b123.js:1:607532)
    at https://arvi.sanomapro.fi/main.c3c37d1981daa425b123.js:1:3768194
    at fn (eval at compile (https://arvi.sanomapro.fi/main.c3c37d1981daa425b123.js:1:1008937), <anonymous>:4:227)
    at https://arvi.sanomapro.fi/main.c3c37d1981daa425b123.js:1:990070
    at u.$digest (https://arvi.sanomapro.fi/main.c3c37d1981daa425b123.js:1:998074)
    at https://arvi.sanomapro.fi/main.c3c37d1981daa425b123.js:1:3297561
    at t.o [as _next] (https://arvi.sanomapro.fi/main.c3c37d1981daa425b123.js:1:716529)
    at t.__tryOrUnsub (https://arvi.sanomapro.fi/main.c3c37d1981daa425b123.js:1:868429)
    at t.next (https://arvi.sanomapro.fi/main.c3c37d1981daa425b123.js:1:867574)
    at t._next (https://arvi.sanomapro.fi/main.c3c37d1981daa425b123.js:1:866650) @ https://arvi.sanomapro.fi/main.c3c37d1981daa425b123.js:0
[ 1221801ms] [ERROR] Error: Parameter "key" required
    at e.instant (https://arvi.sanomapro.fi/main.c3c37d1981daa425b123.js:1:607532)
    at https://arvi.sanomapro.fi/main.c3c37d1981daa425b123.js:1:3768194
    at fn (eval at compile (https://arvi.sanomapro.fi/main.c3c37d1981daa425b123.js:1:1008937), <anonymous>:4:227)
    at https://arvi.sanomapro.fi/main.c3c37d1981daa425b123.js:1:990070
    at u.$digest (https://arvi.sanomapro.fi/main.c3c37d1981daa425b123.js:1:998074)
    at https://arvi.sanomapro.fi/main.c3c37d1981daa425b123.js:1:3297561
    at t.o [as _next] (https://arvi.sanomapro.fi/main.c3c37d1981daa425b123.js:1:716529)
    at t.__tryOrUnsub (https://arvi.sanomapro.fi/main.c3c37d1981daa425b123.js:1:868429)
    at t.next (https://arvi.sanomapro.fi/main.c3c37d1981daa425b123.js:1:867574)
    at t._next (https://arvi.sanomapro.fi/main.c3c37d1981daa425b123.js:1:866650) @ https://arvi.sanomapro.fi/main.c3c37d1981daa425b123.js:0
[ 1221817ms] [ERROR] Error: Parameter "key" required
    at e.instant (https://arvi.sanomapro.fi/main.c3c37d1981daa425b123.js:1:607532)
    at https://arvi.sanomapro.fi/main.c3c37d1981daa425b123.js:1:3768194
    at fn (eval at compile (https://arvi.sanomapro.fi/main.c3c37d1981daa425b123.js:1:1008937), <anonymous>:4:227)
    at https://arvi.sanomapro.fi/main.c3c37d1981daa425b123.js:1:990070
    at u.$digest (https://arvi.sanomapro.fi/main.c3c37d1981daa425b123.js:1:998074)
    at https://arvi.sanomapro.fi/main.c3c37d1981daa425b123.js:1:3297561
    at t.o [as _next] (https://arvi.sanomapro.fi/main.c3c37d1981daa425b123.js:1:716529)
    at t.__tryOrUnsub (https://arvi.sanomapro.fi/main.c3c37d1981daa425b123.js:1:868429)
    at t.next (https://arvi.sanomapro.fi/main.c3c37d1981daa425b123.js:1:867574)
    at t._next (https://arvi.sanomapro.fi/main.c3c37d1981daa425b123.js:1:866650) @ https://arvi.sanomapro.fi/main.c3c37d1981daa425b123.js:0
[ 1221835ms] [ERROR] Error: Parameter "key" required
    at e.instant (https://arvi.sanomapro.fi/main.c3c37d1981daa425b123.js:1:607532)
    at https://arvi.sanomapro.fi/main.c3c37d1981daa425b123.js:1:3768194
    at fn (eval at compile (https://arvi.sanomapro.fi/main.c3c37d1981daa425b123.js:1:1008937), <anonymous>:4:227)
    at https://arvi.sanomapro.fi/main.c3c37d1981daa425b123.js:1:990070
    at u.$digest (https://arvi.sanomapro.fi/main.c3c37d1981daa425b123.js:1:998074)
    at https://arvi.sanomapro.fi/main.c3c37d1981daa425b123.js:1:3297561
    at t.o [as _next] (https://arvi.sanomapro.fi/main.c3c37d1981daa425b123.js:1:716529)
    at t.__tryOrUnsub (https://arvi.sanomapro.fi/main.c3c37d1981daa425b123.js:1:868429)
    at t.next (https://arvi.sanomapro.fi/main.c3c37d1981daa425b123.js:1:867574)
    at t._next (https://arvi.sanomapro.fi/main.c3c37d1981daa425b123.js:1:866650) @ https://arvi.sanomapro.fi/main.c3c37d1981daa425b123.js:0
[ 1221851ms] [ERROR] Error: Parameter "key" required
    at e.instant (https://arvi.sanomapro.fi/main.c3c37d1981daa425b123.js:1:607532)
    at https://arvi.sanomapro.fi/main.c3c37d1981daa425b123.js:1:3768194
    at fn (eval at compile (https://arvi.sanomapro.fi/main.c3c37d1981daa425b123.js:1:1008937), <anonymous>:4:227)
    at https://arvi.sanomapro.fi/main.c3c37d1981daa425b123.js:1:990070
    at u.$digest (https://arvi.sanomapro.fi/main.c3c37d1981daa425b123.js:1:998074)
    at https://arvi.sanomapro.fi/main.c3c37d1981daa425b123.js:1:3297561
    at t.o [as _next] (https://arvi.sanomapro.fi/main.c3c37d1981daa425b123.js:1:716529)
    at t.__tryOrUnsub (https://arvi.sanomapro.fi/main.c3c37d1981daa425b123.js:1:868429)
    at t.next (https://arvi.sanomapro.fi/main.c3c37d1981daa425b123.js:1:867574)
    at t._next (https://arvi.sanomapro.fi/main.c3c37d1981daa425b123.js:1:866650) @ https://arvi.sanomapro.fi/main.c3c37d1981daa425b123.js:0
[ 1221919ms] [ERROR] Error: Parameter "key" required
    at e.instant (https://arvi.sanomapro.fi/main.c3c37d1981daa425b123.js:1:607532)
    at https://arvi.sanomapro.fi/main.c3c37d1981daa425b123.js:1:3768194
    at fn (eval at compile (https://arvi.sanomapro.fi/main.c3c37d1981daa425b123.js:1:1008937), <anonymous>:4:227)
    at https://arvi.sanomapro.fi/main.c3c37d1981daa425b123.js:1:990070
    at u.$digest (https://arvi.sanomapro.fi/main.c3c37d1981daa425b123.js:1:998074)
    at https://arvi.sanomapro.fi/main.c3c37d1981daa425b123.js:1:3297561
    at t.o [as _next] (https://arvi.sanomapro.fi/main.c3c37d1981daa425b123.js:1:716529)
    at t.__tryOrUnsub (https://arvi.sanomapro.fi/main.c3c37d1981daa425b123.js:1:868429)
    at t.next (https://arvi.sanomapro.fi/main.c3c37d1981daa425b123.js:1:867574)
    at t._next (https://arvi.sanomapro.fi/main.c3c37d1981daa425b123.js:1:866650) @ https://arvi.sanomapro.fi/main.c3c37d1981daa425b123.js:0
[ 1221935ms] [ERROR] Error: Parameter "key" required
    at e.instant (https://arvi.sanomapro.fi/main.c3c37d1981daa425b123.js:1:607532)
    at https://arvi.sanomapro.fi/main.c3c37d1981daa425b123.js:1:3768194
    at fn (eval at compile (https://arvi.sanomapro.fi/main.c3c37d1981daa425b123.js:1:1008937), <anonymous>:4:227)
    at https://arvi.sanomapro.fi/main.c3c37d1981daa425b123.js:1:990070
    at u.$digest (https://arvi.sanomapro.fi/main.c3c37d1981daa425b123.js:1:998074)
    at https://arvi.sanomapro.fi/main.c3c37d1981daa425b123.js:1:3297561
    at t.o [as _next] (https://arvi.sanomapro.fi/main.c3c37d1981daa425b123.js:1:716529)
    at t.__tryOrUnsub (https://arvi.sanomapro.fi/main.c3c37d1981daa425b123.js:1:868429)
    at t.next (https://arvi.sanomapro.fi/main.c3c37d1981daa425b123.js:1:867574)
    at t._next (https://arvi.sanomapro.fi/main.c3c37d1981daa425b123.js:1:866650) @ https://arvi.sanomapro.fi/main.c3c37d1981daa425b123.js:0
[ 1221953ms] [ERROR] Error: Parameter "key" required
    at e.instant (https://arvi.sanomapro.fi/main.c3c37d1981daa425b123.js:1:607532)
    at https://arvi.sanomapro.fi/main.c3c37d1981daa425b123.js:1:3768194
    at fn (eval at compile (https://arvi.sanomapro.fi/main.c3c37d1981daa425b123.js:1:1008937), <anonymous>:4:227)
    at https://arvi.sanomapro.fi/main.c3c37d1981daa425b123.js:1:990070
    at u.$digest (https://arvi.sanomapro.fi/main.c3c37d1981daa425b123.js:1:998074)
    at https://arvi.sanomapro.fi/main.c3c37d1981daa425b123.js:1:3297561
    at t.o [as _next] (https://arvi.sanomapro.fi/main.c3c37d1981daa425b123.js:1:716529)
    at t.__tryOrUnsub (https://arvi.sanomapro.fi/main.c3c37d1981daa425b123.js:1:868429)
    at t.next (https://arvi.sanomapro.fi/main.c3c37d1981daa425b123.js:1:867574)
    at t._next (https://arvi.sanomapro.fi/main.c3c37d1981daa425b123.js:1:866650) @ https://arvi.sanomapro.fi/main.c3c37d1981daa425b123.js:0
[ 1221969ms] [ERROR] Error: Parameter "key" required
    at e.instant (https://arvi.sanomapro.fi/main.c3c37d1981daa425b123.js:1:607532)
    at https://arvi.sanomapro.fi/main.c3c37d1981daa425b123.js:1:3768194
    at fn (eval at compile (https://arvi.sanomapro.fi/main.c3c37d1981daa425b123.js:1:1008937), <anonymous>:4:227)
    at https://arvi.sanomapro.fi/main.c3c37d1981daa425b123.js:1:990070
    at u.$digest (https://arvi.sanomapro.fi/main.c3c37d1981daa425b123.js:1:998074)
    at https://arvi.sanomapro.fi/main.c3c37d1981daa425b123.js:1:3297561
    at t.o [as _next] (https://arvi.sanomapro.fi/main.c3c37d1981daa425b123.js:1:716529)
    at t.__tryOrUnsub (https://arvi.sanomapro.fi/main.c3c37d1981daa425b123.js:1:868429)
    at t.next (https://arvi.sanomapro.fi/main.c3c37d1981daa425b123.js:1:867574)
    at t._next (https://arvi.sanomapro.fi/main.c3c37d1981daa425b123.js:1:866650) @ https://arvi.sanomapro.fi/main.c3c37d1981daa425b123.js:0
[ 1221986ms] [ERROR] Error: Parameter "key" required
    at e.instant (https://arvi.sanomapro.fi/main.c3c37d1981daa425b123.js:1:607532)
    at https://arvi.sanomapro.fi/main.c3c37d1981daa425b123.js:1:3768194
    at fn (eval at compile (https://arvi.sanomapro.fi/main.c3c37d1981daa425b123.js:1:1008937), <anonymous>:4:227)
    at https://arvi.sanomapro.fi/main.c3c37d1981daa425b123.js:1:990070
    at u.$digest (https://arvi.sanomapro.fi/main.c3c37d1981daa425b123.js:1:998074)
    at https://arvi.sanomapro.fi/main.c3c37d1981daa425b123.js:1:3297561
    at t.o [as _next] (https://arvi.sanomapro.fi/main.c3c37d1981daa425b123.js:1:716529)
    at t.__tryOrUnsub (https://arvi.sanomapro.fi/main.c3c37d1981daa425b123.js:1:868429)
    at t.next (https://arvi.sanomapro.fi/main.c3c37d1981daa425b123.js:1:867574)
    at t._next (https://arvi.sanomapro.fi/main.c3c37d1981daa425b123.js:1:866650) @ https://arvi.sanomapro.fi/main.c3c37d1981daa425b123.js:0
[ 1222002ms] [ERROR] Error: Parameter "key" required
    at e.instant (https://arvi.sanomapro.fi/main.c3c37d1981daa425b123.js:1:607532)
    at https://arvi.sanomapro.fi/main.c3c37d1981daa425b123.js:1:3768194
    at fn (eval at compile (https://arvi.sanomapro.fi/main.c3c37d1981daa425b123.js:1:1008937), <anonymous>:4:227)
    at https://arvi.sanomapro.fi/main.c3c37d1981daa425b123.js:1:990070
    at u.$digest (https://arvi.sanomapro.fi/main.c3c37d1981daa425b123.js:1:998074)
    at https://arvi.sanomapro.fi/main.c3c37d1981daa425b123.js:1:3297561
    at t.o [as _next] (https://arvi.sanomapro.fi/main.c3c37d1981daa425b123.js:1:716529)
    at t.__tryOrUnsub (https://arvi.sanomapro.fi/main.c3c37d1981daa425b123.js:1:868429)
    at t.next (https://arvi.sanomapro.fi/main.c3c37d1981daa425b123.js:1:867574)
    at t._next (https://arvi.sanomapro.fi/main.c3c37d1981daa425b123.js:1:866650) @ https://arvi.sanomapro.fi/main.c3c37d1981daa425b123.js:0
[ 1222019ms] [ERROR] Error: Parameter "key" required
    at e.instant (https://arvi.sanomapro.fi/main.c3c37d1981daa425b123.js:1:607532)
    at https://arvi.sanomapro.fi/main.c3c37d1981daa425b123.js:1:3768194
    at fn (eval at compile (https://arvi.sanomapro.fi/main.c3c37d1981daa425b123.js:1:1008937), <anonymous>:4:227)
    at https://arvi.sanomapro.fi/main.c3c37d1981daa425b123.js:1:990070
    at u.$digest (https://arvi.sanomapro.fi/main.c3c37d1981daa425b123.js:1:998074)
    at https://arvi.sanomapro.fi/main.c3c37d1981daa425b123.js:1:3297561
    at t.o [as _next] (https://arvi.sanomapro.fi/main.c3c37d1981daa425b123.js:1:716529)
    at t.__tryOrUnsub (https://arvi.sanomapro.fi/main.c3c37d1981daa425b123.js:1:868429)
    at t.next (https://arvi.sanomapro.fi/main.c3c37d1981daa425b123.js:1:867574)
    at t._next (https://arvi.sanomapro.fi/main.c3c37d1981daa425b123.js:1:866650) @ https://arvi.sanomapro.fi/main.c3c37d1981daa425b123.js:0
[ 1222036ms] [ERROR] Error: Parameter "key" required
    at e.instant (https://arvi.sanomapro.fi/main.c3c37d1981daa425b123.js:1:607532)
    at https://arvi.sanomapro.fi/main.c3c37d1981daa425b123.js:1:3768194
    at fn (eval at compile (https://arvi.sanomapro.fi/main.c3c37d1981daa425b123.js:1:1008937), <anonymous>:4:227)
    at https://arvi.sanomapro.fi/main.c3c37d1981daa425b123.js:1:990070
    at u.$digest (https://arvi.sanomapro.fi/main.c3c37d1981daa425b123.js:1:998074)
    at https://arvi.sanomapro.fi/main.c3c37d1981daa425b123.js:1:3297561
    at t.o [as _next] (https://arvi.sanomapro.fi/main.c3c37d1981daa425b123.js:1:716529)
    at t.__tryOrUnsub (https://arvi.sanomapro.fi/main.c3c37d1981daa425b123.js:1:868429)
    at t.next (https://arvi.sanomapro.fi/main.c3c37d1981daa425b123.js:1:867574)
    at t._next (https://arvi.sanomapro.fi/main.c3c37d1981daa425b123.js:1:866650) @ https://arvi.sanomapro.fi/main.c3c37d1981daa425b123.js:0
[ 1222052ms] [ERROR] Error: Parameter "key" required
    at e.instant (https://arvi.sanomapro.fi/main.c3c37d1981daa425b123.js:1:607532)
    at https://arvi.sanomapro.fi/main.c3c37d1981daa425b123.js:1:3768194
    at fn (eval at compile (https://arvi.sanomapro.fi/main.c3c37d1981daa425b123.js:1:1008937), <anonymous>:4:227)
    at https://arvi.sanomapro.fi/main.c3c37d1981daa425b123.js:1:990070
    at u.$digest (https://arvi.sanomapro.fi/main.c3c37d1981daa425b123.js:1:998074)
    at https://arvi.sanomapro.fi/main.c3c37d1981daa425b123.js:1:3297561
    at t.o [as _next] (https://arvi.sanomapro.fi/main.c3c37d1981daa425b123.js:1:716529)
    at t.__tryOrUnsub (https://arvi.sanomapro.fi/main.c3c37d1981daa425b123.js:1:868429)
    at t.next (https://arvi.sanomapro.fi/main.c3c37d1981daa425b123.js:1:867574)
    at t._next (https://arvi.sanomapro.fi/main.c3c37d1981daa425b123.js:1:866650) @ https://arvi.sanomapro.fi/main.c3c37d1981daa425b123.js:0
[ 1222069ms] [ERROR] Error: Parameter "key" required
    at e.instant (https://arvi.sanomapro.fi/main.c3c37d1981daa425b123.js:1:607532)
    at https://arvi.sanomapro.fi/main.c3c37d1981daa425b123.js:1:3768194
    at fn (eval at compile (https://arvi.sanomapro.fi/main.c3c37d1981daa425b123.js:1:1008937), <anonymous>:4:227)
    at https://arvi.sanomapro.fi/main.c3c37d1981daa425b123.js:1:990070
    at u.$digest (https://arvi.sanomapro.fi/main.c3c37d1981daa425b123.js:1:998074)
    at https://arvi.sanomapro.fi/main.c3c37d1981daa425b123.js:1:3297561
    at t.o [as _next] (https://arvi.sanomapro.fi/main.c3c37d1981daa425b123.js:1:716529)
    at t.__tryOrUnsub (https://arvi.sanomapro.fi/main.c3c37d1981daa425b123.js:1:868429)
    at t.next (https://arvi.sanomapro.fi/main.c3c37d1981daa425b123.js:1:867574)
    at t._next (https://arvi.sanomapro.fi/main.c3c37d1981daa425b123.js:1:866650) @ https://arvi.sanomapro.fi/main.c3c37d1981daa425b123.js:0
[ 1222086ms] [ERROR] Error: Parameter "key" required
    at e.instant (https://arvi.sanomapro.fi/main.c3c37d1981daa425b123.js:1:607532)
    at https://arvi.sanomapro.fi/main.c3c37d1981daa425b123.js:1:3768194
    at fn (eval at compile (https://arvi.sanomapro.fi/main.c3c37d1981daa425b123.js:1:1008937), <anonymous>:4:227)
    at https://arvi.sanomapro.fi/main.c3c37d1981daa425b123.js:1:990070
    at u.$digest (https://arvi.sanomapro.fi/main.c3c37d1981daa425b123.js:1:998074)
    at https://arvi.sanomapro.fi/main.c3c37d1981daa425b123.js:1:3297561
    at t.o [as _next] (https://arvi.sanomapro.fi/main.c3c37d1981daa425b123.js:1:716529)
    at t.__tryOrUnsub (https://arvi.sanomapro.fi/main.c3c37d1981daa425b123.js:1:868429)
    at t.next (https://arvi.sanomapro.fi/main.c3c37d1981daa425b123.js:1:867574)
    at t._next (https://arvi.sanomapro.fi/main.c3c37d1981daa425b123.js:1:866650) @ https://arvi.sanomapro.fi/main.c3c37d1981daa425b123.js:0
[ 1222102ms] [ERROR] Error: Parameter "key" required
    at e.instant (https://arvi.sanomapro.fi/main.c3c37d1981daa425b123.js:1:607532)
    at https://arvi.sanomapro.fi/main.c3c37d1981daa425b123.js:1:3768194
    at fn (eval at compile (https://arvi.sanomapro.fi/main.c3c37d1981daa425b123.js:1:1008937), <anonymous>:4:227)
    at https://arvi.sanomapro.fi/main.c3c37d1981daa425b123.js:1:990070
    at u.$digest (https://arvi.sanomapro.fi/main.c3c37d1981daa425b123.js:1:998074)
    at https://arvi.sanomapro.fi/main.c3c37d1981daa425b123.js:1:3297561
    at t.o [as _next] (https://arvi.sanomapro.fi/main.c3c37d1981daa425b123.js:1:716529)
    at t.__tryOrUnsub (https://arvi.sanomapro.fi/main.c3c37d1981daa425b123.js:1:868429)
    at t.next (https://arvi.sanomapro.fi/main.c3c37d1981daa425b123.js:1:867574)
    at t._next (https://arvi.sanomapro.fi/main.c3c37d1981daa425b123.js:1:866650) @ https://arvi.sanomapro.fi/main.c3c37d1981daa425b123.js:0
[ 1222163ms] [WARNING] The resource https://www.wiris.net/demo/editor/resources/fonts/stix_symbols.otf?v=7.25.3.2833a2 was preloaded using link preload but not used within a few seconds from the window's load event. Please make sure it has an appropriate `as` value and it is preloaded intentionally. @ https://arvi.sanomapro.fi/as/teacher/assignment/9d61bb0e-5356-4e7d-a83b-141c71ab7533/review:0
[ 1222163ms] [WARNING] The resource https://www.wiris.net/demo/editor/resources/fonts/stix_italic_rest.otf?v=7.25.3.2833a2 was preloaded using link preload but not used within a few seconds from the window's load event. Please make sure it has an appropriate `as` value and it is preloaded intentionally. @ https://arvi.sanomapro.fi/as/teacher/assignment/9d61bb0e-5356-4e7d-a83b-141c71ab7533/review:0
[ 1222163ms] [WARNING] The resource https://www.wiris.net/demo/editor/resources/fonts/stix_regular_letters_numbers.otf?v=7.25.3.2833a2 was preloaded using link preload but not used within a few seconds from the window's load event. Please make sure it has an appropriate `as` value and it is preloaded intentionally. @ https://arvi.sanomapro.fi/as/teacher/assignment/9d61bb0e-5356-4e7d-a83b-141c71ab7533/review:0
[ 1222163ms] [WARNING] The resource https://www.wiris.net/demo/editor/resources/fonts/stix_italic_letters.otf?v=7.25.3.2833a2 was preloaded using link preload but not used within a few seconds from the window's load event. Please make sure it has an appropriate `as` value and it is preloaded intentionally. @ https://arvi.sanomapro.fi/as/teacher/assignment/9d61bb0e-5356-4e7d-a83b-141c71ab7533/review:0
[ 1222526ms] [ERROR] Error: Parameter "key" required
    at e.instant (https://arvi.sanomapro.fi/main.c3c37d1981daa425b123.js:1:607532)
    at https://arvi.sanomapro.fi/main.c3c37d1981daa425b123.js:1:3768194
    at fn (eval at compile (https://arvi.sanomapro.fi/main.c3c37d1981daa425b123.js:1:1008937), <anonymous>:4:227)
    at https://arvi.sanomapro.fi/main.c3c37d1981daa425b123.js:1:990070
    at u.$digest (https://arvi.sanomapro.fi/main.c3c37d1981daa425b123.js:1:998074)
    at https://arvi.sanomapro.fi/main.c3c37d1981daa425b123.js:1:3297561
    at t.o [as _next] (https://arvi.sanomapro.fi/main.c3c37d1981daa425b123.js:1:716529)
    at t.__tryOrUnsub (https://arvi.sanomapro.fi/main.c3c37d1981daa425b123.js:1:868429)
    at t.next (https://arvi.sanomapro.fi/main.c3c37d1981daa425b123.js:1:867574)
    at t._next (https://arvi.sanomapro.fi/main.c3c37d1981daa425b123.js:1:866650) @ https://arvi.sanomapro.fi/main.c3c37d1981daa425b123.js:0
[ 1225900ms] [WARNING] The resource https://www.wiris.net/demo/editor/resources/fonts/stix_symbols.otf?v=7.25.3.2833a2 was preloaded using link preload but not used within a few seconds from the window's load event. Please make sure it has an appropriate `as` value and it is preloaded intentionally. @ https://arvi.sanomapro.fi/as/teacher/assignments:0
[ 1225900ms] [WARNING] The resource https://www.wiris.net/demo/editor/resources/fonts/stix_italic_rest.otf?v=7.25.3.2833a2 was preloaded using link preload but not used within a few seconds from the window's load event. Please make sure it has an appropriate `as` value and it is preloaded intentionally. @ https://arvi.sanomapro.fi/as/teacher/assignments:0
[ 1225900ms] [WARNING] The resource https://www.wiris.net/demo/editor/resources/fonts/stix_regular_letters_numbers.otf?v=7.25.3.2833a2 was preloaded using link preload but not used within a few seconds from the window's load event. Please make sure it has an appropriate `as` value and it is preloaded intentionally. @ https://arvi.sanomapro.fi/as/teacher/assignments:0
[ 1225900ms] [WARNING] The resource https://www.wiris.net/demo/editor/resources/fonts/stix_italic_letters.otf?v=7.25.3.2833a2 was preloaded using link preload but not used within a few seconds from the window's load event. Please make sure it has an appropriate `as` value and it is preloaded intentionally. @ https://arvi.sanomapro.fi/as/teacher/assignments:0
